billboard_id,track_id,Track Name,Artist Name(s),Release Date,Duration (ms),Explicit,Genres,Danceability,Energy,Loudness,Mode,Speechiness,Acousticness,Instrumentalness,Liveness,Valence,Tempo,Time Signature
2016-01-001,4sPmO7WMQUAf45kwMOtONw,hello,adele,2016-06-24,295493,false,soft pop,0.481,0.451,-6.095,0,0.0347,0.336,0,0.0872,0.289,157.966,4
2016-01-002,09CtPGIpYB4BrO8qb1RGsF,sorry,justin bieber,2015-11-13,200786,false,,0.655,0.76,-3.669,0,0.045,0.0797,0,0.299,0.409,99.947,4
2016-01-003,0wwPcA6wtMf6HUMpIRdeP7,hotline bling,drake,2016-05-06,267066,false,rap,0.891,0.628,-7.863,1,0.0551,0.00258,0.00019,0.0504,0.552,134.966,4
2016-01-004,50kpGaPAhYJ3sGmk6vplg0,love yourself,justin bieber,2015-11-13,233720,false,,0.609,0.378,-9.828,1,0.438,0.835,0,0.28,0.515,100.43,4
2016-01-005,4B0JvthVoAAuygILe3n4Bs,what do you mean?,justin bieber,2015-11-13,205680,false,,0.845,0.567,-8.118,0,0.0956,0.59,0.00142,0.0811,0.793,125.02,4
2016-01-006,1BZG99C7Co1r6QUC3zaS59,same old love,selena gomez,2015-10-09,229080,false,,0.672,0.593,-4.01,0,0.0304,0.0223,0,0.214,0.438,98.02,4
2016-01-007,7fBv7CLKzipRk6EC6TWHOB,the hills,the weeknd,2015-08-28,242253,true,,0.585,0.564,-7.063,0,0.0515,0.0671,0,0.135,0.137,113.003,4
2016-01-008,1wYZZtamWTQAoj8B812uKQ,here,alessia cara,2015-11-13,199453,false,,0.376,0.821,-3.974,1,0.104,0.0785,0,0.0823,0.331,120.462,4
2016-01-009,5jsw9uXEGuKyJzs0boZ1bT,stitches,shawn mendes,2015-04-14,206880,false,,0.752,0.754,-6.684,1,0.0615,0.0151,0,0.0486,0.755,149.789,4
2016-01-012,25KybV9BOUlvcnv7nN3Pyo,in the night,the weeknd,2015-08-28,235653,true,,0.505,0.68,-4.993,1,0.0714,0.0796,0,0.0465,0.539,168.022,3
2016-01-013,27GmP9AWRs744SzKcpJsTZ,jumpman,drake;future,2015-09-20,205879,true,rap,0.852,0.553,-7.286,1,0.187,0.0559,0,0.332,0.656,142.079,4
2016-01-014,6YAuDfyjCy0vbKIqa71o8v,on my mind,ellie goulding,2015-11-06,213445,false,,0.702,0.705,-6.666,1,0.0543,0.258,0.00000593,0.0879,0.743,154.911,4
2016-01-015,22VdIZQfgXJea34mQxlt81,can't feel my face,the weeknd,2015-08-28,213520,false,,0.705,0.769,-5.526,0,0.0425,0.113,0,0.105,0.583,107.949,4
2016-01-016,1wHZx0LgzFHyeIZkUydNXq,antidote,travis scott,2015-09-04,262693,true,rap,0.714,0.527,-5.046,1,0.0322,0.00787,0.00015,0.124,0.123,131.046,4
2016-01-017,70eDxAyAraNTiD6lx2ZEnH,ex's & oh's,elle king,2015-02-13,202177,false,,0.612,0.921,-2.882,1,0.085,0.0183,0,0.0576,0.446,139.988,4
2016-01-018,0bYg9bo50gSsH3LtXe2SQn,all i want for christmas is you,mariah carey,1994-10-28,241562,false,christmas,0.336,0.627,-7.463,1,0.0384,0.164,0,0.0708,0.35,150.273,4
2016-01-019,3CRDbSIZ4r5MsZ0YwxuEkn,stressed out,twenty one pilots,2015-05-15,202333,false,,0.734,0.637,-5.677,0,0.141,0.0462,0.0000229,0.0602,0.648,169.977,4
2016-01-020,3pXF1nA74528Edde4of9CC,don't,bryson tiller,2015-10-02,198294,true,"trap soul,r&b",0.765,0.356,-5.556,0,0.195,0.223,0,0.0963,0.189,96.991,4
2016-01-021,5kNe7PE09d6Kvw5pAsx23n,die a happy man,thomas rhett,2015-01-01,227426,false,"country,acoustic country,pop country",0.595,0.389,-9.245,1,0.0349,0.418,0.00000139,0.116,0.4,166.049,4
2016-01-022,6eT7xZZlB2mwyzJ2sUKG6w,white iverson,post malone,2016-12-09,256532,true,,0.675,0.561,-7.678,1,0.0352,0.233,0,0.0793,0.309,130.098,4
2016-01-023,59HjlYCeBsxdI0fcm3zglw,wildest dreams,taylor swift,2014-10-27,220440,false,,0.554,0.666,-7.414,1,0.0747,0.0702,0.00593,0.106,0.472,140.056,4
2016-01-025,5wldXGLEOoRXxMWJ8rIUWE,lean on,major lazer;mø;dj snake,2015-06-01,176561,false,moombahton,0.723,0.809,-3.081,0,0.0625,0.00346,0.00123,0.565,0.274,98.007,4
2016-01-026,3vv9phIu6Y1vX3jcqaGz5Z,roses,the chainsmokers;rozes,2015-06-16,226738,false,,0.713,0.802,-7.055,1,0.0561,0.0435,0.00377,0.309,0.343,100.001,4
2016-01-028,2Gyc6e2cLxA5hoX1NOvYnU,say it,tory lanez,2016-08-19,237786,true,,0.546,0.529,-10.511,0,0.0583,0.0869,0.00000637,0.124,0.248,107.333,4
2016-01-031,2d8JP84HNLKhmd6IYOoupQ,trap queen,fetty wap,2015-09-25,222093,true,,0.746,0.873,-3.803,1,0.128,0.0244,0,0.354,0.817,148.075,4
2016-01-032,3DnzEB8Ffnp5sjnCbOugUX,perfect,one direction,2015-10-16,230333,false,,0.647,0.823,-5.231,1,0.0762,0.0598,0,0.119,0.396,99.933,4
2016-01-038,2EjXfH91m7f8HiJN1yQg97,rockin' around the christmas tree,brenda lee,1964-10-19,126266,false,christmas,0.598,0.47,-8.744,1,0.0496,0.617,0,0.505,0.879,67.086,4
2016-01-040,40YcuQysJ0KlGQTeGUosTC,"me, myself & i",g-eazy;bebe rexha,2015-12-04,251465,true,,0.756,0.674,-6.518,0,0.0959,0.0184,0,0.158,0.389,111.995,4
2016-01-041,0uyZ5ckiIUbFZd3P6RWmrj,hide away,daya,2016-10-07,192376,false,,0.885,0.8,-4.714,0,0.0846,0.23,0.00000199,0.0734,0.464,95.018,4
2016-01-043,578Eooad7oUyn4stovZiPg,good for you,selena gomez;a$ap rocky,2015-10-09,221280,false,rap,0.609,0.674,-6.484,0,0.0502,0.179,0,0.069,0.228,88.945,4
2016-01-044,4MFCXniy7I8tj0GXtf3wgC,adventure of a lifetime,coldplay,2015-11-06,263786,false,,0.638,0.924,-3.887,1,0.036,0.00205,0.000175,0.149,0.53,111.995,4
2016-01-046,2GyA33q5rti5IxkMQemRDH,i know what you did last summer,shawn mendes;camila cabello,2015-04-14,223853,false,,0.687,0.761,-4.582,0,0.0876,0.102,0,0.147,0.743,113.939,4
2016-01-047,76hfruVvmfQbw0eYn1nmeC,cake by the ocean,dnce,2016-11-18,219146,true,,0.774,0.753,-5.446,0,0.0517,0.152,0,0.0371,0.896,119.002,4
2016-01-048,43PuMrRfbyyuz4QpZ3oAwN,exchange,bryson tiller,2015-10-02,194613,true,"trap soul,r&b",0.525,0.433,-10.598,1,0.185,0.107,0,0.135,0.276,160.108,4
2016-01-050,2K87XMYnUMqLcX3zvtAF4G,drag me down,one direction,2015-11-13,192112,false,,0.731,0.703,-5.672,0,0.0368,0.111,0,0.0657,0.595,138.111,4
2016-01-051,6Knv6wdA0luoMUuuoYi2i1,my house,flo rida,2015-04-07,192190,false,,0.688,0.702,-4.792,0,0.0499,0.0215,0,0.128,0.74,94.006,4
2016-01-055,0cj2joJcY6b4XSRfj2eZOl,when we were young,adele,2015-11-20,290900,false,soft pop,0.377,0.595,-5.936,1,0.0489,0.303,0,0.095,0.264,144.464,4
2016-01-060,7soJgKhQTO8hLP2JPRkL5O,one call away,charlie puth,2016-01-29,194453,false,soft pop,0.667,0.613,-5.353,1,0.0344,0.403,0,0.115,0.47,91.024,4
2016-01-062,1LoriJC05IrHIDwj3q0KC1,hands to myself,selena gomez,2015-10-09,200680,false,,0.811,0.507,-7.161,0,0.117,0.0146,0.00000214,0.342,0.438,111.016,4
2016-01-064,3FQdtOMXdfDcDDjY1OHAqz,back to sleep,chris brown,2015-11-09,201647,true,r&b,0.64,0.639,-5.473,0,0.22,0.044,0,0.0906,0.702,92.936,4
2016-01-074,5lFDtgWsjRJu8fPOAyJIAK,back to back,drake,2015-07-31,170637,true,rap,0.893,0.48,-3.728,0,0.356,0.00855,0,0.116,0.382,86.976,4
2016-02-001,09CtPGIpYB4BrO8qb1RGsF,sorry,justin bieber,2015-11-13,200786,false,,0.655,0.76,-3.669,0,0.045,0.0797,0,0.299,0.409,99.947,4
2016-02-002,50kpGaPAhYJ3sGmk6vplg0,love yourself,justin bieber,2015-11-13,233720,false,,0.609,0.378,-9.828,1,0.438,0.835,0,0.28,0.515,100.43,4
2016-02-003,4sPmO7WMQUAf45kwMOtONw,hello,adele,2016-06-24,295493,false,soft pop,0.481,0.451,-6.095,0,0.0347,0.336,0,0.0872,0.289,157.966,4
2016-02-004,3CRDbSIZ4r5MsZ0YwxuEkn,stressed out,twenty one pilots,2015-05-15,202333,false,,0.734,0.637,-5.677,0,0.141,0.0462,0.0000229,0.0602,0.648,169.977,4
2016-02-005,1wYZZtamWTQAoj8B812uKQ,here,alessia cara,2015-11-13,199453,false,,0.376,0.821,-3.974,1,0.104,0.0785,0,0.0823,0.331,120.462,4
2016-02-006,5jsw9uXEGuKyJzs0boZ1bT,stitches,shawn mendes,2015-04-14,206880,false,,0.752,0.754,-6.684,1,0.0615,0.0151,0,0.0486,0.755,149.789,4
2016-02-007,1BZG99C7Co1r6QUC3zaS59,same old love,selena gomez,2015-10-09,229080,false,,0.672,0.593,-4.01,0,0.0304,0.0223,0,0.214,0.438,98.02,4
2016-02-008,3vv9phIu6Y1vX3jcqaGz5Z,roses,the chainsmokers;rozes,2015-06-16,226738,false,,0.713,0.802,-7.055,1,0.0561,0.0435,0.00377,0.309,0.343,100.001,4
2016-02-009,0wwPcA6wtMf6HUMpIRdeP7,hotline bling,drake,2016-05-06,267066,false,rap,0.891,0.628,-7.863,1,0.0551,0.00258,0.00019,0.0504,0.552,134.966,4
2016-02-010,4B0JvthVoAAuygILe3n4Bs,what do you mean?,justin bieber,2015-11-13,205680,false,,0.845,0.567,-8.118,0,0.0956,0.59,0.00142,0.0811,0.793,125.02,4
2016-02-012,6Knv6wdA0luoMUuuoYi2i1,my house,flo rida,2015-04-07,192190,false,,0.688,0.702,-4.792,0,0.0499,0.0215,0,0.128,0.74,94.006,4
2016-02-013,25KybV9BOUlvcnv7nN3Pyo,in the night,the weeknd,2015-08-28,235653,true,,0.505,0.68,-4.993,1,0.0714,0.0796,0,0.0465,0.539,168.022,3
2016-02-014,27GmP9AWRs744SzKcpJsTZ,jumpman,drake;future,2015-09-20,205879,true,rap,0.852,0.553,-7.286,1,0.187,0.0559,0,0.332,0.656,142.079,4
2016-02-015,3pXF1nA74528Edde4of9CC,don't,bryson tiller,2015-10-02,198294,true,"trap soul,r&b",0.765,0.356,-5.556,0,0.195,0.223,0,0.0963,0.189,96.991,4
2016-02-016,40YcuQysJ0KlGQTeGUosTC,"me, myself & i",g-eazy;bebe rexha,2015-12-04,251465,true,,0.756,0.674,-6.518,0,0.0959,0.0184,0,0.158,0.389,111.995,4
2016-02-017,6eT7xZZlB2mwyzJ2sUKG6w,white iverson,post malone,2016-12-09,256532,true,,0.675,0.561,-7.678,1,0.0352,0.233,0,0.0793,0.309,130.098,4
2016-02-018,7fBv7CLKzipRk6EC6TWHOB,the hills,the weeknd,2015-08-28,242253,true,,0.585,0.564,-7.063,0,0.0515,0.0671,0,0.135,0.137,113.003,4
2016-02-019,1wHZx0LgzFHyeIZkUydNXq,antidote,travis scott,2015-09-04,262693,true,rap,0.714,0.527,-5.046,1,0.0322,0.00787,0.00015,0.124,0.123,131.046,4
2016-02-021,1LoriJC05IrHIDwj3q0KC1,hands to myself,selena gomez,2015-10-09,200680,false,,0.811,0.507,-7.161,0,0.117,0.0146,0.00000214,0.342,0.438,111.016,4
2016-02-022,76hfruVvmfQbw0eYn1nmeC,cake by the ocean,dnce,2016-11-18,219146,true,,0.774,0.753,-5.446,0,0.0517,0.152,0,0.0371,0.896,119.002,4
2016-02-023,2Gyc6e2cLxA5hoX1NOvYnU,say it,tory lanez,2016-08-19,237786,true,,0.546,0.529,-10.511,0,0.0583,0.0869,0.00000637,0.124,0.248,107.333,4
2016-02-024,2GyA33q5rti5IxkMQemRDH,i know what you did last summer,shawn mendes;camila cabello,2015-04-14,223853,false,,0.687,0.761,-4.582,0,0.0876,0.102,0,0.147,0.743,113.939,4
2016-02-025,5kNe7PE09d6Kvw5pAsx23n,die a happy man,thomas rhett,2015-01-01,227426,false,"country,acoustic country,pop country",0.595,0.389,-9.245,1,0.0349,0.418,0.00000139,0.116,0.4,166.049,4
2016-02-026,7soJgKhQTO8hLP2JPRkL5O,one call away,charlie puth,2016-01-29,194453,false,soft pop,0.667,0.613,-5.353,1,0.0344,0.403,0,0.115,0.47,91.024,4
2016-02-027,6YAuDfyjCy0vbKIqa71o8v,on my mind,ellie goulding,2015-11-06,213445,false,,0.702,0.705,-6.666,1,0.0543,0.258,0.00000593,0.0879,0.743,154.911,4
2016-02-029,70eDxAyAraNTiD6lx2ZEnH,ex's & oh's,elle king,2015-02-13,202177,false,,0.612,0.921,-2.882,1,0.085,0.0183,0,0.0576,0.446,139.988,4
2016-02-030,0uyZ5ckiIUbFZd3P6RWmrj,hide away,daya,2016-10-07,192376,false,,0.885,0.8,-4.714,0,0.0846,0.23,0.00000199,0.0734,0.464,95.018,4
2016-02-032,22VdIZQfgXJea34mQxlt81,can't feel my face,the weeknd,2015-08-28,213520,false,,0.705,0.769,-5.526,0,0.0425,0.113,0,0.105,0.583,107.949,4
2016-02-034,59HjlYCeBsxdI0fcm3zglw,wildest dreams,taylor swift,2014-10-27,220440,false,,0.554,0.666,-7.414,1,0.0747,0.0702,0.00593,0.106,0.472,140.056,4
2016-02-035,0cj2joJcY6b4XSRfj2eZOl,when we were young,adele,2015-11-20,290900,false,soft pop,0.377,0.595,-5.936,1,0.0489,0.303,0,0.095,0.264,144.464,4
2016-02-036,5wldXGLEOoRXxMWJ8rIUWE,lean on,major lazer;mø;dj snake,2015-06-01,176561,false,moombahton,0.723,0.809,-3.081,0,0.0625,0.00346,0.00123,0.565,0.274,98.007,4
2016-02-038,3DnzEB8Ffnp5sjnCbOugUX,perfect,one direction,2015-10-16,230333,false,,0.647,0.823,-5.231,1,0.0762,0.0598,0,0.119,0.396,99.933,4
2016-02-039,43PuMrRfbyyuz4QpZ3oAwN,exchange,bryson tiller,2015-10-02,194613,true,"trap soul,r&b",0.525,0.433,-10.598,1,0.185,0.107,0,0.135,0.276,160.108,4
2016-02-047,4MFCXniy7I8tj0GXtf3wgC,adventure of a lifetime,coldplay,2015-11-06,263786,false,,0.638,0.924,-3.887,1,0.036,0.00205,0.000175,0.149,0.53,111.995,4
2016-02-049,3FQdtOMXdfDcDDjY1OHAqz,back to sleep,chris brown,2015-11-09,201647,true,r&b,0.64,0.639,-5.473,0,0.22,0.044,0,0.0906,0.702,92.936,4
2016-02-055,0PJIbOdMs3bd5AT8liULMQ,oui,jeremih,2015-12-04,238320,false,,0.418,0.724,-3.724,1,0.0964,0.213,0,0.112,0.604,78.521,5
2016-02-062,0wdKiSBUT7aZkXUIdJWcwC,2 phones,kevin gates,2016-01-29,240000,true,,0.895,0.681,-5.267,0,0.358,0.157,0,0.189,0.554,121.918,4
2016-02-076,10I3CmmwT0BkOVhduDy53o,really really,kevin gates,2016-01-29,232093,true,,0.762,0.666,-6.055,1,0.0916,0.00427,0,0.127,0.278,118.97,4
2016-02-086,2ggSyGB5HnVvGDGofu3ITZ,let it go,james bay,2014-06-03,261160,false,,0.566,0.286,-11.441,1,0.0292,0.806,0.0000178,0.111,0.263,147.43,4
2016-02-095,0g5EKLgdKvNlln7TNqBByK,middle,dj snake;bipolar sunshine,2016-08-05,220573,false,,0.583,0.695,-5.336,1,0.0423,0.0138,0,0.0527,0.224,104.879,4
2016-02-096,5kqIPrATaCc2LqxVWzQGbk,7 years,lukas graham,2016-04-01,237300,false,dansk pop,0.765,0.473,-5.829,1,0.0514,0.287,0,0.391,0.34,119.992,4
2016-03-001,32lmL4vQAAotg6MrJnhlQZ,work,rihanna;drake,2016-01-28,219320,true,rap,0.725,0.534,-6.238,1,0.0946,0.0752,0,0.0919,0.558,91.974,4
2016-03-002,50kpGaPAhYJ3sGmk6vplg0,love yourself,justin bieber,2015-11-13,233720,false,,0.609,0.378,-9.828,1,0.438,0.835,0,0.28,0.515,100.43,4
2016-03-003,3CRDbSIZ4r5MsZ0YwxuEkn,stressed out,twenty one pilots,2015-05-15,202333,false,,0.734,0.637,-5.677,0,0.141,0.0462,0.0000229,0.0602,0.648,169.977,4
2016-03-004,09CtPGIpYB4BrO8qb1RGsF,sorry,justin bieber,2015-11-13,200786,false,,0.655,0.76,-3.669,0,0.045,0.0797,0,0.299,0.409,99.947,4
2016-03-005,6Knv6wdA0luoMUuuoYi2i1,my house,flo rida,2015-04-07,192190,false,,0.688,0.702,-4.792,0,0.0499,0.0215,0,0.128,0.74,94.006,4
2016-03-006,0IKK48xF4eEdfofyaeKWWO,pillowtalk,zayn,2016-01-29,203686,true,,0.588,0.702,-4.271,1,0.0496,0.104,0,0.089,0.429,124.909,4
2016-03-007,4sPmO7WMQUAf45kwMOtONw,hello,adele,2016-06-24,295493,false,soft pop,0.481,0.451,-6.095,0,0.0347,0.336,0,0.0872,0.289,157.966,4
2016-03-008,40YcuQysJ0KlGQTeGUosTC,"me, myself & i",g-eazy;bebe rexha,2015-12-04,251465,true,,0.756,0.674,-6.518,0,0.0959,0.0184,0,0.158,0.389,111.995,4
2016-03-009,3vv9phIu6Y1vX3jcqaGz5Z,roses,the chainsmokers;rozes,2015-06-16,226738,false,,0.713,0.802,-7.055,1,0.0561,0.0435,0.00377,0.309,0.343,100.001,4
2016-03-010,76hfruVvmfQbw0eYn1nmeC,cake by the ocean,dnce,2016-11-18,219146,true,,0.774,0.753,-5.446,0,0.0517,0.152,0,0.0371,0.896,119.002,4
2016-03-011,1LoriJC05IrHIDwj3q0KC1,hands to myself,selena gomez,2015-10-09,200680,false,,0.811,0.507,-7.161,0,0.117,0.0146,0.00000214,0.342,0.438,111.016,4
2016-03-012,7soJgKhQTO8hLP2JPRkL5O,one call away,charlie puth,2016-01-29,194453,false,soft pop,0.667,0.613,-5.353,1,0.0344,0.403,0,0.115,0.47,91.024,4
2016-03-013,5jsw9uXEGuKyJzs0boZ1bT,stitches,shawn mendes,2015-04-14,206880,false,,0.752,0.754,-6.684,1,0.0615,0.0151,0,0.0486,0.755,149.789,4
2016-03-014,0cj2joJcY6b4XSRfj2eZOl,when we were young,adele,2015-11-20,290900,false,soft pop,0.377,0.595,-5.936,1,0.0489,0.303,0,0.095,0.264,144.464,4
2016-03-015,25KybV9BOUlvcnv7nN3Pyo,in the night,the weeknd,2015-08-28,235653,true,,0.505,0.68,-4.993,1,0.0714,0.0796,0,0.0465,0.539,168.022,3
2016-03-016,3pXF1nA74528Edde4of9CC,don't,bryson tiller,2015-10-02,198294,true,"trap soul,r&b",0.765,0.356,-5.556,0,0.195,0.223,0,0.0963,0.189,96.991,4
2016-03-017,1BZG99C7Co1r6QUC3zaS59,same old love,selena gomez,2015-10-09,229080,false,,0.672,0.593,-4.01,0,0.0304,0.0223,0,0.214,0.438,98.02,4
2016-03-019,0wwPcA6wtMf6HUMpIRdeP7,hotline bling,drake,2016-05-06,267066,false,rap,0.891,0.628,-7.863,1,0.0551,0.00258,0.00019,0.0504,0.552,134.966,4
2016-03-020,5kqIPrATaCc2LqxVWzQGbk,7 years,lukas graham,2016-04-01,237300,false,dansk pop,0.765,0.473,-5.829,1,0.0514,0.287,0,0.391,0.34,119.992,4
2016-03-021,1wYZZtamWTQAoj8B812uKQ,here,alessia cara,2015-11-13,199453,false,,0.376,0.821,-3.974,1,0.104,0.0785,0,0.0823,0.331,120.462,4
2016-03-023,27GmP9AWRs744SzKcpJsTZ,jumpman,drake;future,2015-09-20,205879,true,rap,0.852,0.553,-7.286,1,0.187,0.0559,0,0.332,0.656,142.079,4
2016-03-025,4B0JvthVoAAuygILe3n4Bs,what do you mean?,justin bieber,2015-11-13,205680,false,,0.845,0.567,-8.118,0,0.0956,0.59,0.00142,0.0811,0.793,125.02,4
2016-03-026,0uyZ5ckiIUbFZd3P6RWmrj,hide away,daya,2016-10-07,192376,false,,0.885,0.8,-4.714,0,0.0846,0.23,0.00000199,0.0734,0.464,95.018,4
2016-03-027,7fBv7CLKzipRk6EC6TWHOB,the hills,the weeknd,2015-08-28,242253,true,,0.585,0.564,-7.063,0,0.0515,0.0671,0,0.135,0.137,113.003,4
2016-03-028,4MFCXniy7I8tj0GXtf3wgC,adventure of a lifetime,coldplay,2015-11-06,263786,false,,0.638,0.924,-3.887,1,0.036,0.00205,0.000175,0.149,0.53,111.995,4
2016-03-030,2Gyc6e2cLxA5hoX1NOvYnU,say it,tory lanez,2016-08-19,237786,true,,0.546,0.529,-10.511,0,0.0583,0.0869,0.00000637,0.124,0.248,107.333,4
2016-03-032,22VdIZQfgXJea34mQxlt81,can't feel my face,the weeknd,2015-08-28,213520,false,,0.705,0.769,-5.526,0,0.0425,0.113,0,0.105,0.583,107.949,4
2016-03-033,70eDxAyAraNTiD6lx2ZEnH,ex's & oh's,elle king,2015-02-13,202177,false,,0.612,0.921,-2.882,1,0.085,0.0183,0,0.0576,0.446,139.988,4
2016-03-035,5kNe7PE09d6Kvw5pAsx23n,die a happy man,thomas rhett,2015-01-01,227426,false,"country,acoustic country,pop country",0.595,0.389,-9.245,1,0.0349,0.418,0.00000139,0.116,0.4,166.049,4
2016-03-036,1wHZx0LgzFHyeIZkUydNXq,antidote,travis scott,2015-09-04,262693,true,rap,0.714,0.527,-5.046,1,0.0322,0.00787,0.00015,0.124,0.123,131.046,4
2016-03-037,2GyA33q5rti5IxkMQemRDH,i know what you did last summer,shawn mendes;camila cabello,2015-04-14,223853,false,,0.687,0.761,-4.582,0,0.0876,0.102,0,0.147,0.743,113.939,4
2016-03-038,2ggSyGB5HnVvGDGofu3ITZ,let it go,james bay,2014-06-03,261160,false,,0.566,0.286,-11.441,1,0.0292,0.806,0.0000178,0.111,0.263,147.43,4
2016-03-039,6eT7xZZlB2mwyzJ2sUKG6w,white iverson,post malone,2016-12-09,256532,true,,0.675,0.561,-7.678,1,0.0352,0.233,0,0.0793,0.309,130.098,4
2016-03-040,0wdKiSBUT7aZkXUIdJWcwC,2 phones,kevin gates,2016-01-29,240000,true,,0.895,0.681,-5.267,0,0.358,0.157,0,0.189,0.554,121.918,4
2016-03-043,43PuMrRfbyyuz4QpZ3oAwN,exchange,bryson tiller,2015-10-02,194613,true,"trap soul,r&b",0.525,0.433,-10.598,1,0.185,0.107,0,0.135,0.276,160.108,4
2016-03-045,0PJIbOdMs3bd5AT8liULMQ,oui,jeremih,2015-12-04,238320,false,,0.418,0.724,-3.724,1,0.0964,0.213,0,0.112,0.604,78.521,5
2016-03-046,59HjlYCeBsxdI0fcm3zglw,wildest dreams,taylor swift,2014-10-27,220440,false,,0.554,0.666,-7.414,1,0.0747,0.0702,0.00593,0.106,0.472,140.056,4
2016-03-048,6YAuDfyjCy0vbKIqa71o8v,on my mind,ellie goulding,2015-11-06,213445,false,,0.702,0.705,-6.666,1,0.0543,0.258,0.00000593,0.0879,0.743,154.911,4
2016-03-049,5wldXGLEOoRXxMWJ8rIUWE,lean on,major lazer;mø;dj snake,2015-06-01,176561,false,moombahton,0.723,0.809,-3.081,0,0.0625,0.00346,0.00123,0.565,0.274,98.007,4
2016-03-050,3FQdtOMXdfDcDDjY1OHAqz,back to sleep,chris brown,2015-11-09,201647,true,r&b,0.64,0.639,-5.473,0,0.22,0.044,0,0.0906,0.702,92.936,4
2016-03-067,10I3CmmwT0BkOVhduDy53o,really really,kevin gates,2016-01-29,232093,true,,0.762,0.666,-6.055,1,0.0916,0.00427,0,0.127,0.278,118.97,4
2016-03-070,0g5EKLgdKvNlln7TNqBByK,middle,dj snake;bipolar sunshine,2016-08-05,220573,false,,0.583,0.695,-5.336,1,0.0423,0.0138,0,0.0527,0.224,104.879,4
2016-03-072,3DnzEB8Ffnp5sjnCbOugUX,perfect,one direction,2015-10-16,230333,false,,0.647,0.823,-5.231,1,0.0762,0.0598,0,0.119,0.396,99.933,4
2016-03-074,1Tt4sE4pXi57mTD1GCzsqm,needed me,rihanna,2016-01-28,191600,true,,0.671,0.314,-8.091,0,0.244,0.11,0,0.0825,0.296,110.898,4
2016-03-083,6hmhG1b4LEyNuashVvuIAo,never forget you,zara larsson;mnek,2017-03-17,212574,false,,0.583,0.732,-5.729,0,0.0459,0.00315,0.00000957,0.269,0.277,146.005,4
2016-03-088,5RzOgZenJEhvVZaumndAON,humble and kind,tim mcgraw,2015-01-01,257346,false,"country,classic country",0.476,0.48,-7.31,1,0.026,0.675,0.00000245,0.122,0.148,151.478,3
2016-04-001,32lmL4vQAAotg6MrJnhlQZ,work,rihanna;drake,2016-01-28,219320,true,rap,0.725,0.534,-6.238,1,0.0946,0.0752,0,0.0919,0.558,91.974,4
2016-04-002,50kpGaPAhYJ3sGmk6vplg0,love yourself,justin bieber,2015-11-13,233720,false,,0.609,0.378,-9.828,1,0.438,0.835,0,0.28,0.515,100.43,4
2016-04-003,5kqIPrATaCc2LqxVWzQGbk,7 years,lukas graham,2016-04-01,237300,false,dansk pop,0.765,0.473,-5.829,1,0.0514,0.287,0,0.391,0.34,119.992,4
2016-04-004,3CRDbSIZ4r5MsZ0YwxuEkn,stressed out,twenty one pilots,2015-05-15,202333,false,,0.734,0.637,-5.677,0,0.141,0.0462,0.0000229,0.0602,0.648,169.977,4
2016-04-005,6Knv6wdA0luoMUuuoYi2i1,my house,flo rida,2015-04-07,192190,false,,0.688,0.702,-4.792,0,0.0499,0.0215,0,0.128,0.74,94.006,4
2016-04-006,0IKK48xF4eEdfofyaeKWWO,pillowtalk,zayn,2016-01-29,203686,true,,0.588,0.702,-4.271,1,0.0496,0.104,0,0.089,0.429,124.909,4
2016-04-007,40YcuQysJ0KlGQTeGUosTC,"me, myself & i",g-eazy;bebe rexha,2015-12-04,251465,true,,0.756,0.674,-6.518,0,0.0959,0.0184,0,0.158,0.389,111.995,4
2016-04-008,09CtPGIpYB4BrO8qb1RGsF,sorry,justin bieber,2015-11-13,200786,false,,0.655,0.76,-3.669,0,0.045,0.0797,0,0.299,0.409,99.947,4
2016-04-009,76hfruVvmfQbw0eYn1nmeC,cake by the ocean,dnce,2016-11-18,219146,true,,0.774,0.753,-5.446,0,0.0517,0.152,0,0.0371,0.896,119.002,4
2016-04-010,7l94dyN2hX9c6wWcZQuOGJ,dangerous woman,ariana grande,2016-05-20,235946,false,pop,0.664,0.602,-5.369,0,0.0412,0.0529,0,0.356,0.289,134.049,3
2016-04-012,0l0CvurVUrr2w3Jj1hOVFc,no,meghan trainor,2017-05-12,213506,false,,0.557,0.803,-3.599,0,0.213,0.0124,0.00000161,0.737,0.657,92.134,4
2016-04-014,7soJgKhQTO8hLP2JPRkL5O,one call away,charlie puth,2016-01-29,194453,false,soft pop,0.667,0.613,-5.353,1,0.0344,0.403,0,0.115,0.47,91.024,4
2016-04-015,1LoriJC05IrHIDwj3q0KC1,hands to myself,selena gomez,2015-10-09,200680,false,,0.811,0.507,-7.161,0,0.117,0.0146,0.00000214,0.342,0.438,111.016,4
2016-04-016,4sPmO7WMQUAf45kwMOtONw,hello,adele,2016-06-24,295493,false,soft pop,0.481,0.451,-6.095,0,0.0347,0.336,0,0.0872,0.289,157.966,4
2016-04-017,3vv9phIu6Y1vX3jcqaGz5Z,roses,the chainsmokers;rozes,2015-06-16,226738,false,,0.713,0.802,-7.055,1,0.0561,0.0435,0.00377,0.309,0.343,100.001,4
2016-04-018,0wdKiSBUT7aZkXUIdJWcwC,2 phones,kevin gates,2016-01-29,240000,true,,0.895,0.681,-5.267,0,0.358,0.157,0,0.189,0.554,121.918,4
2016-04-019,6hmhG1b4LEyNuashVvuIAo,never forget you,zara larsson;mnek,2017-03-17,212574,false,,0.583,0.732,-5.729,0,0.0459,0.00315,0.00000957,0.269,0.277,146.005,4
2016-04-020,5jsw9uXEGuKyJzs0boZ1bT,stitches,shawn mendes,2015-04-14,206880,false,,0.752,0.754,-6.684,1,0.0615,0.0151,0,0.0486,0.755,149.789,4
2016-04-021,3pXF1nA74528Edde4of9CC,don't,bryson tiller,2015-10-02,198294,true,"trap soul,r&b",0.765,0.356,-5.556,0,0.195,0.223,0,0.0963,0.189,96.991,4
2016-04-024,27GmP9AWRs744SzKcpJsTZ,jumpman,drake;future,2015-09-20,205879,true,rap,0.852,0.553,-7.286,1,0.187,0.0559,0,0.332,0.656,142.079,4
2016-04-025,7fBv7CLKzipRk6EC6TWHOB,the hills,the weeknd,2015-08-28,242253,true,,0.585,0.564,-7.063,0,0.0515,0.0671,0,0.135,0.137,113.003,4
2016-04-026,0g5EKLgdKvNlln7TNqBByK,middle,dj snake;bipolar sunshine,2016-08-05,220573,false,,0.583,0.695,-5.336,1,0.0423,0.0138,0,0.0527,0.224,104.879,4
2016-04-027,0PJIbOdMs3bd5AT8liULMQ,oui,jeremih,2015-12-04,238320,false,,0.418,0.724,-3.724,1,0.0964,0.213,0,0.112,0.604,78.521,5
2016-04-028,0wwPcA6wtMf6HUMpIRdeP7,hotline bling,drake,2016-05-06,267066,false,rap,0.891,0.628,-7.863,1,0.0551,0.00258,0.00019,0.0504,0.552,134.966,4
2016-04-029,3FQdtOMXdfDcDDjY1OHAqz,back to sleep,chris brown,2015-11-09,201647,true,r&b,0.64,0.639,-5.473,0,0.22,0.044,0,0.0906,0.702,92.936,4
2016-04-030,43PuMrRfbyyuz4QpZ3oAwN,exchange,bryson tiller,2015-10-02,194613,true,"trap soul,r&b",0.525,0.433,-10.598,1,0.185,0.107,0,0.135,0.276,160.108,4
2016-04-033,275a9yzwGB6ncAW4SxY7q3,panda,desiigner,2016-02-26,247866,true,,0.686,0.73,-5.504,0,0.412,0.0287,0,0.369,0.271,145.251,4
2016-04-034,0cj2joJcY6b4XSRfj2eZOl,when we were young,adele,2015-11-20,290900,false,soft pop,0.377,0.595,-5.936,1,0.0489,0.303,0,0.095,0.264,144.464,4
2016-04-036,4B0JvthVoAAuygILe3n4Bs,what do you mean?,justin bieber,2015-11-13,205680,false,,0.845,0.567,-8.118,0,0.0956,0.59,0.00142,0.0811,0.793,125.02,4
2016-04-037,2Gyc6e2cLxA5hoX1NOvYnU,say it,tory lanez,2016-08-19,237786,true,,0.546,0.529,-10.511,0,0.0583,0.0869,0.00000637,0.124,0.248,107.333,4
2016-04-038,2ggSyGB5HnVvGDGofu3ITZ,let it go,james bay,2014-06-03,261160,false,,0.566,0.286,-11.441,1,0.0292,0.806,0.0000178,0.111,0.263,147.43,4
2016-04-039,1wYZZtamWTQAoj8B812uKQ,here,alessia cara,2015-11-13,199453,false,,0.376,0.821,-3.974,1,0.104,0.0785,0,0.0823,0.331,120.462,4
2016-04-041,0uyZ5ckiIUbFZd3P6RWmrj,hide away,daya,2016-10-07,192376,false,,0.885,0.8,-4.714,0,0.0846,0.23,0.00000199,0.0734,0.464,95.018,4
2016-04-043,5kNe7PE09d6Kvw5pAsx23n,die a happy man,thomas rhett,2015-01-01,227426,false,"country,acoustic country,pop country",0.595,0.389,-9.245,1,0.0349,0.418,0.00000139,0.116,0.4,166.049,4
2016-04-045,1BZG99C7Co1r6QUC3zaS59,same old love,selena gomez,2015-10-09,229080,false,,0.672,0.593,-4.01,0,0.0304,0.0223,0,0.214,0.438,98.02,4
2016-04-047,25KybV9BOUlvcnv7nN3Pyo,in the night,the weeknd,2015-08-28,235653,true,,0.505,0.68,-4.993,1,0.0714,0.0796,0,0.0465,0.539,168.022,3
2016-04-048,70eDxAyAraNTiD6lx2ZEnH,ex's & oh's,elle king,2015-02-13,202177,false,,0.612,0.921,-2.882,1,0.085,0.0183,0,0.0576,0.446,139.988,4
2016-04-049,6eT7xZZlB2mwyzJ2sUKG6w,white iverson,post malone,2016-12-09,256532,true,,0.675,0.561,-7.678,1,0.0352,0.233,0,0.0793,0.309,130.098,4
2016-04-050,22VdIZQfgXJea34mQxlt81,can't feel my face,the weeknd,2015-08-28,213520,false,,0.705,0.769,-5.526,0,0.0425,0.113,0,0.105,0.583,107.949,4
2016-04-054,1i1fxkWeaMmKEB4T7zqbzK,don't let me down,the chainsmokers;daya,2016-02-05,208373,false,,0.533,0.869,-5.093,1,0.173,0.156,0.00538,0.136,0.425,159.805,4
2016-04-058,5RzOgZenJEhvVZaumndAON,humble and kind,tim mcgraw,2015-01-01,257346,false,"country,classic country",0.476,0.48,-7.31,1,0.026,0.675,0.00000245,0.122,0.148,151.478,3
2016-04-062,10I3CmmwT0BkOVhduDy53o,really really,kevin gates,2016-01-29,232093,true,,0.762,0.666,-6.055,1,0.0916,0.00427,0,0.127,0.278,118.97,4
2016-04-065,4MFCXniy7I8tj0GXtf3wgC,adventure of a lifetime,coldplay,2015-11-06,263786,false,,0.638,0.924,-3.887,1,0.036,0.00205,0.000175,0.149,0.53,111.995,4
2016-04-071,1Tt4sE4pXi57mTD1GCzsqm,needed me,rihanna,2016-01-28,191600,true,,0.671,0.314,-8.091,0,0.244,0.11,0,0.0825,0.296,110.898,4
2016-04-079,4h0zU3O9R5xzuTmNO7dNDU,lost boy,ruth b.,2015-08-21,275280,false,,0.71,0.0565,-15.099,1,0.0534,0.965,0,0.0889,0.348,123.994,4
2016-04-082,2GyA33q5rti5IxkMQemRDH,i know what you did last summer,shawn mendes;camila cabello,2015-04-14,223853,false,,0.687,0.761,-4.582,0,0.0876,0.102,0,0.147,0.743,113.939,4
2016-04-096,2Z8WuEywRWYTKe1NybPQEW,ride,twenty one pilots,2015-05-15,214506,false,,0.645,0.713,-5.355,1,0.0393,0.00835,0,0.113,0.566,74.989,4
2016-05-001,275a9yzwGB6ncAW4SxY7q3,panda,desiigner,2016-02-26,247866,true,,0.686,0.73,-5.504,0,0.412,0.0287,0,0.369,0.271,145.251,4
2016-05-002,5kqIPrATaCc2LqxVWzQGbk,7 years,lukas graham,2016-04-01,237300,false,dansk pop,0.765,0.473,-5.829,1,0.0514,0.287,0,0.391,0.34,119.992,4
2016-05-003,1zi7xx7UVEFkmKfv06H8x0,one dance,drake;wizkid;kyla,2016-05-06,173986,false,"rap,afrobeats,afrobeat,afropop,azonto,afroswing,afro r&b,afropiano",0.792,0.625,-5.609,1,0.0536,0.00776,0.0018,0.329,0.37,103.967,4
2016-05-004,32lmL4vQAAotg6MrJnhlQZ,work,rihanna;drake,2016-01-28,219320,true,rap,0.725,0.534,-6.238,1,0.0946,0.0752,0,0.0919,0.558,91.974,4
2016-05-007,0l0CvurVUrr2w3Jj1hOVFc,no,meghan trainor,2017-05-12,213506,false,,0.557,0.803,-3.599,0,0.213,0.0124,0.00000161,0.737,0.657,92.134,4
2016-05-008,0IKK48xF4eEdfofyaeKWWO,pillowtalk,zayn,2016-01-29,203686,true,,0.588,0.702,-4.271,1,0.0496,0.104,0,0.089,0.429,124.909,4
2016-05-009,50kpGaPAhYJ3sGmk6vplg0,love yourself,justin bieber,2015-11-13,233720,false,,0.609,0.378,-9.828,1,0.438,0.835,0,0.28,0.515,100.43,4
2016-05-010,40YcuQysJ0KlGQTeGUosTC,"me, myself & i",g-eazy;bebe rexha,2015-12-04,251465,true,,0.756,0.674,-6.518,0,0.0959,0.0184,0,0.158,0.389,111.995,4
2016-05-011,76hfruVvmfQbw0eYn1nmeC,cake by the ocean,dnce,2016-11-18,219146,true,,0.774,0.753,-5.446,0,0.0517,0.152,0,0.0371,0.896,119.002,4
2016-05-012,6Knv6wdA0luoMUuuoYi2i1,my house,flo rida,2015-04-07,192190,false,,0.688,0.702,-4.792,0,0.0499,0.0215,0,0.128,0.74,94.006,4
2016-05-013,3CRDbSIZ4r5MsZ0YwxuEkn,stressed out,twenty one pilots,2015-05-15,202333,false,,0.734,0.637,-5.677,0,0.141,0.0462,0.0000229,0.0602,0.648,169.977,4
2016-05-014,1i1fxkWeaMmKEB4T7zqbzK,don't let me down,the chainsmokers;daya,2016-02-05,208373,false,,0.533,0.869,-5.093,1,0.173,0.156,0.00538,0.136,0.425,159.805,4
2016-05-015,7l94dyN2hX9c6wWcZQuOGJ,dangerous woman,ariana grande,2016-05-20,235946,false,pop,0.664,0.602,-5.369,0,0.0412,0.0529,0,0.356,0.289,134.049,3
2016-05-016,6hmhG1b4LEyNuashVvuIAo,never forget you,zara larsson;mnek,2017-03-17,212574,false,,0.583,0.732,-5.729,0,0.0459,0.00315,0.00000957,0.269,0.277,146.005,4
2016-05-019,0wdKiSBUT7aZkXUIdJWcwC,2 phones,kevin gates,2016-01-29,240000,true,,0.895,0.681,-5.267,0,0.358,0.157,0,0.189,0.554,121.918,4
2016-05-020,51H2y6YrNNXcy3dfc3qSbA,when doves cry,prince,1984-06-25,352906,false,"funk,funk rock",0.729,0.989,-4.613,0,0.049,0.0102,0.0000445,0.443,0.84,126.47,4
2016-05-021,09CtPGIpYB4BrO8qb1RGsF,sorry,justin bieber,2015-11-13,200786,false,,0.655,0.76,-3.669,0,0.045,0.0797,0,0.299,0.409,99.947,4
2016-05-022,0PJIbOdMs3bd5AT8liULMQ,oui,jeremih,2015-12-04,238320,false,,0.418,0.724,-3.724,1,0.0964,0.213,0,0.112,0.604,78.521,5
2016-05-023,1Tt4sE4pXi57mTD1GCzsqm,needed me,rihanna,2016-01-28,191600,true,,0.671,0.314,-8.091,0,0.244,0.11,0,0.0825,0.296,110.898,4
2016-05-024,0g5EKLgdKvNlln7TNqBByK,middle,dj snake;bipolar sunshine,2016-08-05,220573,false,,0.583,0.695,-5.336,1,0.0423,0.0138,0,0.0527,0.224,104.879,4
2016-05-025,23NWj2izXAJ4yL6Nah73wf,pop style,drake;the throne,2016-04-04,209453,true,rap,0.789,0.488,-9.093,0,0.227,0.179,0.00000794,0.104,0.0644,133.114,4
2016-05-026,3lSDIJ2abCrOdDJ6pshUap,close,nick jonas;tove lo,2016-06-10,234213,false,,0.654,0.623,-5.273,0,0.082,0.253,0,0.144,0.401,123.996,4
2016-05-027,7soJgKhQTO8hLP2JPRkL5O,one call away,charlie puth,2016-01-29,194453,false,soft pop,0.667,0.613,-5.353,1,0.0344,0.403,0,0.115,0.47,91.024,4
2016-05-028,62LJFaYihsdVrrkgUOJC05,kiss,prince,1986-03-31,226240,false,"funk,funk rock",0.898,0.271,-12.238,1,0.091,0.0135,0.00138,0.0461,0.742,111.485,4
2016-05-029,76Gmfksb2uBzx5N72DcHT0,little red corvette,prince,2001-07-30,303613,true,"funk,funk rock",0.738,0.665,-14.28,1,0.102,0.255,0.000142,0.157,0.644,122.546,4
2016-05-030,5jsw9uXEGuKyJzs0boZ1bT,stitches,shawn mendes,2015-04-14,206880,false,,0.752,0.754,-6.684,1,0.0615,0.0151,0,0.0486,0.755,149.789,4
2016-05-031,2ggSyGB5HnVvGDGofu3ITZ,let it go,james bay,2014-06-03,261160,false,,0.566,0.286,-11.441,1,0.0292,0.806,0.0000178,0.111,0.263,147.43,4
2016-05-032,43PuMrRfbyyuz4QpZ3oAwN,exchange,bryson tiller,2015-10-02,194613,true,"trap soul,r&b",0.525,0.433,-10.598,1,0.185,0.107,0,0.135,0.276,160.108,4
2016-05-033,3vv9phIu6Y1vX3jcqaGz5Z,roses,the chainsmokers;rozes,2015-06-16,226738,false,,0.713,0.802,-7.055,1,0.0561,0.0435,0.00377,0.309,0.343,100.001,4
2016-05-034,27GmP9AWRs744SzKcpJsTZ,jumpman,drake;future,2015-09-20,205879,true,rap,0.852,0.553,-7.286,1,0.187,0.0559,0,0.332,0.656,142.079,4
2016-05-035,1LoriJC05IrHIDwj3q0KC1,hands to myself,selena gomez,2015-10-09,200680,false,,0.811,0.507,-7.161,0,0.117,0.0146,0.00000214,0.342,0.438,111.016,4
2016-05-036,4sPmO7WMQUAf45kwMOtONw,hello,adele,2016-06-24,295493,false,soft pop,0.481,0.451,-6.095,0,0.0347,0.336,0,0.0872,0.289,157.966,4
2016-05-037,3pXF1nA74528Edde4of9CC,don't,bryson tiller,2015-10-02,198294,true,"trap soul,r&b",0.765,0.356,-5.556,0,0.195,0.223,0,0.0963,0.189,96.991,4
2016-05-039,0QeI79sp1vS8L3JgpEO7mD,let's go crazy,prince,1984-06-25,280000,false,"funk,funk rock",0.309,0.93,-6.399,1,0.125,0.0192,0.0022,0.106,0.376,195.815,4
2016-05-041,2H7PHVdQ3mXqEHXcvclTB0,1999,prince,1982-10-27,379266,false,"funk,funk rock",0.866,0.73,-8.201,1,0.0767,0.137,0,0.0843,0.625,118.523,4
2016-05-044,5RzOgZenJEhvVZaumndAON,humble and kind,tim mcgraw,2015-01-01,257346,false,"country,classic country",0.476,0.48,-7.31,1,0.026,0.675,0.00000245,0.122,0.148,151.478,3
2016-05-048,7fBv7CLKzipRk6EC6TWHOB,the hills,the weeknd,2015-08-28,242253,true,,0.585,0.564,-7.063,0,0.0515,0.0671,0,0.135,0.137,113.003,4
2016-05-050,4h0zU3O9R5xzuTmNO7dNDU,lost boy,ruth b.,2015-08-21,275280,false,,0.71,0.0565,-15.099,1,0.0534,0.965,0,0.0889,0.348,123.994,4
2016-05-057,3FQdtOMXdfDcDDjY1OHAqz,back to sleep,chris brown,2015-11-09,201647,true,r&b,0.64,0.639,-5.473,0,0.22,0.044,0,0.0906,0.702,92.936,4
2016-05-068,10I3CmmwT0BkOVhduDy53o,really really,kevin gates,2016-01-29,232093,true,,0.762,0.666,-6.055,1,0.0916,0.00427,0,0.127,0.278,118.97,4
2016-05-073,6BbINUfGabVyiNFJpQXn3x,wicked,future,2016-04-13,173346,true,rap,0.718,0.679,-5.899,0,0.0706,0.00191,0.0104,0.385,0.205,157.97,4
2016-05-074,2Z8WuEywRWYTKe1NybPQEW,ride,twenty one pilots,2015-05-15,214506,false,,0.645,0.713,-5.355,1,0.0393,0.00835,0,0.113,0.566,74.989,4
2016-06-001,1zi7xx7UVEFkmKfv06H8x0,one dance,drake;wizkid;kyla,2016-05-06,173986,false,"rap,afrobeats,afrobeat,afropop,azonto,afroswing,afro r&b,afropiano",0.792,0.625,-5.609,1,0.0536,0.00776,0.0018,0.329,0.37,103.967,4
2016-06-002,275a9yzwGB6ncAW4SxY7q3,panda,desiigner,2016-02-26,247866,true,,0.686,0.73,-5.504,0,0.412,0.0287,0,0.369,0.271,145.251,4
2016-06-004,5kqIPrATaCc2LqxVWzQGbk,7 years,lukas graham,2016-04-01,237300,false,dansk pop,0.765,0.473,-5.829,1,0.0514,0.287,0,0.391,0.34,119.992,4
2016-06-006,1i1fxkWeaMmKEB4T7zqbzK,don't let me down,the chainsmokers;daya,2016-02-05,208373,false,,0.533,0.869,-5.093,1,0.173,0.156,0.00538,0.136,0.425,159.805,4
2016-06-008,32lmL4vQAAotg6MrJnhlQZ,work,rihanna;drake,2016-01-28,219320,true,rap,0.725,0.534,-6.238,1,0.0946,0.0752,0,0.0919,0.558,91.974,4
2016-06-009,0IKK48xF4eEdfofyaeKWWO,pillowtalk,zayn,2016-01-29,203686,true,,0.588,0.702,-4.271,1,0.0496,0.104,0,0.089,0.429,124.909,4
2016-06-010,1Tt4sE4pXi57mTD1GCzsqm,needed me,rihanna,2016-01-28,191600,true,,0.671,0.314,-8.091,0,0.244,0.11,0,0.0825,0.296,110.898,4
2016-06-011,50kpGaPAhYJ3sGmk6vplg0,love yourself,justin bieber,2015-11-13,233720,false,,0.609,0.378,-9.828,1,0.438,0.835,0,0.28,0.515,100.43,4
2016-06-012,0azC730Exh71aQlOt9Zj3y,this is what you came for,calvin harris;rihanna,2016-04-29,221900,false,edm,0.631,0.927,-2.787,0,0.0332,0.199,0.119,0.148,0.465,123.962,4
2016-06-013,6hmhG1b4LEyNuashVvuIAo,never forget you,zara larsson;mnek,2017-03-17,212574,false,,0.583,0.732,-5.729,0,0.0459,0.00315,0.00000957,0.269,0.277,146.005,4
2016-06-014,7l94dyN2hX9c6wWcZQuOGJ,dangerous woman,ariana grande,2016-05-20,235946,false,pop,0.664,0.602,-5.369,0,0.0412,0.0529,0,0.356,0.289,134.049,3
2016-06-015,3CRDbSIZ4r5MsZ0YwxuEkn,stressed out,twenty one pilots,2015-05-15,202333,false,,0.734,0.637,-5.677,0,0.141,0.0462,0.0000229,0.0602,0.648,169.977,4
2016-06-016,6Knv6wdA0luoMUuuoYi2i1,my house,flo rida,2015-04-07,192190,false,,0.688,0.702,-4.792,0,0.0499,0.0215,0,0.128,0.74,94.006,4
2016-06-017,76hfruVvmfQbw0eYn1nmeC,cake by the ocean,dnce,2016-11-18,219146,true,,0.774,0.753,-5.446,0,0.0517,0.152,0,0.0371,0.896,119.002,4
2016-06-018,40YcuQysJ0KlGQTeGUosTC,"me, myself & i",g-eazy;bebe rexha,2015-12-04,251465,true,,0.756,0.674,-6.518,0,0.0959,0.0184,0,0.158,0.389,111.995,4
2016-06-019,0l0CvurVUrr2w3Jj1hOVFc,no,meghan trainor,2017-05-12,213506,false,,0.557,0.803,-3.599,0,0.213,0.0124,0.00000161,0.737,0.657,92.134,4
2016-06-021,0BCy325UZyR9z0t0uxwn2N,h.o.l.y.,florida georgia line,2016-08-26,194186,false,"country,pop country,acoustic country",0.523,0.666,-4.081,0,0.0327,0.401,0,0.0728,0.564,78.077,4
2016-06-022,3O8NlPh2LByMU9lSRSHedm,controlla,drake,2016-05-06,245226,true,rap,0.59,0.468,-11.083,0,0.185,0.0789,0,0.101,0.349,92.287,4
2016-06-023,23NWj2izXAJ4yL6Nah73wf,pop style,drake;the throne,2016-04-04,209453,true,rap,0.789,0.488,-9.093,0,0.227,0.179,0.00000794,0.104,0.0644,133.114,4
2016-06-024,3lSDIJ2abCrOdDJ6pshUap,close,nick jonas;tove lo,2016-06-10,234213,false,,0.654,0.623,-5.273,0,0.082,0.253,0,0.144,0.401,123.996,4
2016-06-025,0PJIbOdMs3bd5AT8liULMQ,oui,jeremih,2015-12-04,238320,false,,0.418,0.724,-3.724,1,0.0964,0.213,0,0.112,0.604,78.521,5
2016-06-027,0wdKiSBUT7aZkXUIdJWcwC,2 phones,kevin gates,2016-01-29,240000,true,,0.895,0.681,-5.267,0,0.358,0.157,0,0.189,0.554,121.918,4
2016-06-028,2ggSyGB5HnVvGDGofu3ITZ,let it go,james bay,2014-06-03,261160,false,,0.566,0.286,-11.441,1,0.0292,0.806,0.0000178,0.111,0.263,147.43,4
2016-06-029,09CtPGIpYB4BrO8qb1RGsF,sorry,justin bieber,2015-11-13,200786,false,,0.655,0.76,-3.669,0,0.045,0.0797,0,0.299,0.409,99.947,4
2016-06-030,4h0zU3O9R5xzuTmNO7dNDU,lost boy,ruth b.,2015-08-21,275280,false,,0.71,0.0565,-15.099,1,0.0534,0.965,0,0.0889,0.348,123.994,4
2016-06-031,27PmvZoffODNFW2p7ehZTQ,don't mind,kent jones,2016-04-25,198236,true,,0.464,0.771,-4.503,1,0.336,0.0235,0,0.063,0.69,158.777,4
2016-06-033,3BtuIIrQlkujKPuWF2B85z,too good,drake;rihanna,2016-05-06,263373,true,rap,0.794,0.653,-7.839,1,0.104,0.0489,0.0000488,0.1,0.397,117.996,4
2016-06-036,2Z8WuEywRWYTKe1NybPQEW,ride,twenty one pilots,2015-05-15,214506,false,,0.645,0.713,-5.355,1,0.0393,0.00835,0,0.113,0.566,74.989,4
2016-06-037,43PuMrRfbyyuz4QpZ3oAwN,exchange,bryson tiller,2015-10-02,194613,true,"trap soul,r&b",0.525,0.433,-10.598,1,0.185,0.107,0,0.135,0.276,160.108,4
2016-06-038,0g5EKLgdKvNlln7TNqBByK,middle,dj snake;bipolar sunshine,2016-08-05,220573,false,,0.583,0.695,-5.336,1,0.0423,0.0138,0,0.0527,0.224,104.879,4
2016-06-039,3KwwE4sgCzMaKWq6QBebmX,me too,meghan trainor,2017-05-12,181240,false,,0.934,0.694,-5.849,0,0.101,0.0971,0.0000012,0.477,0.833,123.831,4
2016-06-041,5jsw9uXEGuKyJzs0boZ1bT,stitches,shawn mendes,2015-04-14,206880,false,,0.752,0.754,-6.684,1,0.0615,0.0151,0,0.0486,0.755,149.789,4
2016-06-042,7soJgKhQTO8hLP2JPRkL5O,one call away,charlie puth,2016-01-29,194453,false,soft pop,0.667,0.613,-5.353,1,0.0344,0.403,0,0.115,0.47,91.024,4
2016-06-046,5RzOgZenJEhvVZaumndAON,humble and kind,tim mcgraw,2015-01-01,257346,false,"country,classic country",0.476,0.48,-7.31,1,0.026,0.675,0.00000245,0.122,0.148,151.478,3
2016-06-048,3vv9phIu6Y1vX3jcqaGz5Z,roses,the chainsmokers;rozes,2015-06-16,226738,false,,0.713,0.802,-7.055,1,0.0561,0.0435,0.00377,0.309,0.343,100.001,4
2016-06-049,3pXF1nA74528Edde4of9CC,don't,bryson tiller,2015-10-02,198294,true,"trap soul,r&b",0.765,0.356,-5.556,0,0.195,0.223,0,0.0963,0.189,96.991,4
2016-06-062,6BbINUfGabVyiNFJpQXn3x,wicked,future,2016-04-13,173346,true,rap,0.718,0.679,-5.899,0,0.0706,0.00191,0.0104,0.385,0.205,157.97,4
2016-06-069,5OUSPcqhYTOzpbXzoEvKim,the fighter,keith urban;carrie underwood,2016-05-06,184040,false,country,0.681,0.845,-5.147,0,0.0525,0.0304,0,0.197,0.761,132.023,4
2016-06-099,7lGKEWMXVWWTt3X71Bv44I,unsteady,x ambassadors,2015-06-30,193546,false,,0.389,0.665,-6.169,1,0.0644,0.178,0.000732,0.116,0.199,117.055,4
2016-07-001,1zi7xx7UVEFkmKfv06H8x0,one dance,drake;wizkid;kyla,2016-05-06,173986,false,"rap,afrobeats,afrobeat,afropop,azonto,afroswing,afro r&b,afropiano",0.792,0.625,-5.609,1,0.0536,0.00776,0.0018,0.329,0.37,103.967,4
2016-07-003,275a9yzwGB6ncAW4SxY7q3,panda,desiigner,2016-02-26,247866,true,,0.686,0.73,-5.504,0,0.412,0.0287,0,0.369,0.271,145.251,4
2016-07-004,1i1fxkWeaMmKEB4T7zqbzK,don't let me down,the chainsmokers;daya,2016-02-05,208373,false,,0.533,0.869,-5.093,1,0.173,0.156,0.00538,0.136,0.425,159.805,4
2016-07-006,0azC730Exh71aQlOt9Zj3y,this is what you came for,calvin harris;rihanna,2016-04-29,221900,false,edm,0.631,0.927,-2.787,0,0.0332,0.199,0.119,0.148,0.465,123.962,4
2016-07-007,1Tt4sE4pXi57mTD1GCzsqm,needed me,rihanna,2016-01-28,191600,true,,0.671,0.314,-8.091,0,0.244,0.11,0,0.0825,0.296,110.898,4
2016-07-010,27PmvZoffODNFW2p7ehZTQ,don't mind,kent jones,2016-04-25,198236,true,,0.464,0.771,-4.503,1,0.336,0.0235,0,0.063,0.69,158.777,4
2016-07-011,5kqIPrATaCc2LqxVWzQGbk,7 years,lukas graham,2016-04-01,237300,false,dansk pop,0.765,0.473,-5.829,1,0.0514,0.287,0,0.391,0.34,119.992,4
2016-07-013,2Z8WuEywRWYTKe1NybPQEW,ride,twenty one pilots,2015-05-15,214506,false,,0.645,0.713,-5.355,1,0.0393,0.00835,0,0.113,0.566,74.989,4
2016-07-014,3lSDIJ2abCrOdDJ6pshUap,close,nick jonas;tove lo,2016-06-10,234213,false,,0.654,0.623,-5.273,0,0.082,0.253,0,0.144,0.401,123.996,4
2016-07-015,7l94dyN2hX9c6wWcZQuOGJ,dangerous woman,ariana grande,2016-05-20,235946,false,pop,0.664,0.602,-5.369,0,0.0412,0.0529,0,0.356,0.289,134.049,3
2016-07-016,32lmL4vQAAotg6MrJnhlQZ,work,rihanna;drake,2016-01-28,219320,true,rap,0.725,0.534,-6.238,1,0.0946,0.0752,0,0.0919,0.558,91.974,4
2016-07-017,0BCy325UZyR9z0t0uxwn2N,h.o.l.y.,florida georgia line,2016-08-26,194186,false,"country,pop country,acoustic country",0.523,0.666,-4.081,0,0.0327,0.401,0,0.0728,0.564,78.077,4
2016-07-018,3KwwE4sgCzMaKWq6QBebmX,me too,meghan trainor,2017-05-12,181240,false,,0.934,0.694,-5.849,0,0.101,0.0971,0.0000012,0.477,0.833,123.831,4
2016-07-019,50kpGaPAhYJ3sGmk6vplg0,love yourself,justin bieber,2015-11-13,233720,false,,0.609,0.378,-9.828,1,0.438,0.835,0,0.28,0.515,100.43,4
2016-07-020,3KZcrZ36LW9RnChK1iIkth,send my love (to your new lover),adele,2015-11-20,223078,false,soft pop,0.688,0.532,-8.361,0,0.0875,0.0356,0.00000308,0.172,0.565,164.068,4
2016-07-021,3CRDbSIZ4r5MsZ0YwxuEkn,stressed out,twenty one pilots,2015-05-15,202333,false,,0.734,0.637,-5.677,0,0.141,0.0462,0.0000229,0.0602,0.648,169.977,4
2016-07-022,6hmhG1b4LEyNuashVvuIAo,never forget you,zara larsson;mnek,2017-03-17,212574,false,,0.583,0.732,-5.729,0,0.0459,0.00315,0.00000957,0.269,0.277,146.005,4
2016-07-023,3O8NlPh2LByMU9lSRSHedm,controlla,drake,2016-05-06,245226,true,rap,0.59,0.468,-11.083,0,0.185,0.0789,0,0.101,0.349,92.287,4
2016-07-024,4h0zU3O9R5xzuTmNO7dNDU,lost boy,ruth b.,2015-08-21,275280,false,,0.71,0.0565,-15.099,1,0.0534,0.965,0,0.0889,0.348,123.994,4
2016-07-025,76hfruVvmfQbw0eYn1nmeC,cake by the ocean,dnce,2016-11-18,219146,true,,0.774,0.753,-5.446,0,0.0517,0.152,0,0.0371,0.896,119.002,4
2016-07-026,0IKK48xF4eEdfofyaeKWWO,pillowtalk,zayn,2016-01-29,203686,true,,0.588,0.702,-4.271,1,0.0496,0.104,0,0.089,0.429,124.909,4
2016-07-027,2ggSyGB5HnVvGDGofu3ITZ,let it go,james bay,2014-06-03,261160,false,,0.566,0.286,-11.441,1,0.0292,0.806,0.0000178,0.111,0.263,147.43,4
2016-07-028,6Knv6wdA0luoMUuuoYi2i1,my house,flo rida,2015-04-07,192190,false,,0.688,0.702,-4.792,0,0.0499,0.0215,0,0.128,0.74,94.006,4
2016-07-029,3BtuIIrQlkujKPuWF2B85z,too good,drake;rihanna,2016-05-06,263373,true,rap,0.794,0.653,-7.839,1,0.104,0.0489,0.0000488,0.1,0.397,117.996,4
2016-07-032,40YcuQysJ0KlGQTeGUosTC,"me, myself & i",g-eazy;bebe rexha,2015-12-04,251465,true,,0.756,0.674,-6.518,0,0.0959,0.0184,0,0.158,0.389,111.995,4
2016-07-033,09CtPGIpYB4BrO8qb1RGsF,sorry,justin bieber,2015-11-13,200786,false,,0.655,0.76,-3.669,0,0.045,0.0797,0,0.299,0.409,99.947,4
2016-07-034,0PJIbOdMs3bd5AT8liULMQ,oui,jeremih,2015-12-04,238320,false,,0.418,0.724,-3.724,1,0.0964,0.213,0,0.112,0.604,78.521,5
2016-07-039,7lGKEWMXVWWTt3X71Bv44I,unsteady,x ambassadors,2015-06-30,193546,false,,0.389,0.665,-6.169,1,0.0644,0.178,0.000732,0.116,0.199,117.055,4
2016-07-040,20bLudc6r1NChyZcrjRd7T,for free,dj khaled;drake,2016-06-03,183695,true,rap,0.916,0.571,-8.241,0,0.201,0.0173,0.00000111,0.153,0.498,103.521,4
2016-07-041,5RzOgZenJEhvVZaumndAON,humble and kind,tim mcgraw,2015-01-01,257346,false,"country,classic country",0.476,0.48,-7.31,1,0.026,0.675,0.00000245,0.122,0.148,151.478,3
2016-07-042,0wdKiSBUT7aZkXUIdJWcwC,2 phones,kevin gates,2016-01-29,240000,true,,0.895,0.681,-5.267,0,0.358,0.157,0,0.189,0.554,121.918,4
2016-07-043,6BbINUfGabVyiNFJpQXn3x,wicked,future,2016-04-13,173346,true,rap,0.718,0.679,-5.899,0,0.0706,0.00191,0.0104,0.385,0.205,157.97,4
2016-07-045,23NWj2izXAJ4yL6Nah73wf,pop style,drake;the throne,2016-04-04,209453,true,rap,0.789,0.488,-9.093,0,0.227,0.179,0.00000794,0.104,0.0644,133.114,4
2016-07-046,43PuMrRfbyyuz4QpZ3oAwN,exchange,bryson tiller,2015-10-02,194613,true,"trap soul,r&b",0.525,0.433,-10.598,1,0.185,0.107,0,0.135,0.276,160.108,4
2016-07-049,10I3CmmwT0BkOVhduDy53o,really really,kevin gates,2016-01-29,232093,true,,0.762,0.666,-6.055,1,0.0916,0.00427,0,0.127,0.278,118.97,4
2016-07-050,2meEiZKWkiN28gITzFwQo5,into you,ariana grande,2016-05-20,244453,false,pop,0.623,0.734,-5.948,1,0.107,0.0162,0.00000175,0.145,0.37,107.853,4
2016-07-054,0l0CvurVUrr2w3Jj1hOVFc,no,meghan trainor,2017-05-12,213506,false,,0.557,0.803,-3.599,0,0.213,0.0124,0.00000161,0.737,0.657,92.134,4
2016-07-063,3QGsuHI8jO1Rx4JWLUh9jd,treat you better,shawn mendes,2017-04-20,187973,false,,0.443,0.82,-4.091,0,0.34,0.107,0,0.107,0.771,82.697,4
2016-07-067,6WhzFzROw3aq3rPWjgYlxr,gold,kiiara,2015-10-26,225882,false,,0.6,0.412,-9.343,1,0.344,0.615,0.0025,0.134,0.408,113.049,5
2016-07-083,0EGuSSpuu9wmHCtvb4PdLO,"sit still, look pretty",daya,2016-10-07,202221,false,,0.655,0.74,-4.081,1,0.274,0.14,0,0.106,0.543,182.105,4
2016-08-002,1zi7xx7UVEFkmKfv06H8x0,one dance,drake;wizkid;kyla,2016-05-06,173986,false,"rap,afrobeats,afrobeat,afropop,azonto,afroswing,afro r&b,afropiano",0.792,0.625,-5.609,1,0.0536,0.00776,0.0018,0.329,0.37,103.967,4
2016-08-003,0azC730Exh71aQlOt9Zj3y,this is what you came for,calvin harris;rihanna,2016-04-29,221900,false,edm,0.631,0.927,-2.787,0,0.0332,0.199,0.119,0.148,0.465,123.962,4
2016-08-005,1i1fxkWeaMmKEB4T7zqbzK,don't let me down,the chainsmokers;daya,2016-02-05,208373,false,,0.533,0.869,-5.093,1,0.173,0.156,0.00538,0.136,0.425,159.805,4
2016-08-006,2Z8WuEywRWYTKe1NybPQEW,ride,twenty one pilots,2015-05-15,214506,false,,0.645,0.713,-5.355,1,0.0393,0.00835,0,0.113,0.566,74.989,4
2016-08-007,1Tt4sE4pXi57mTD1GCzsqm,needed me,rihanna,2016-01-28,191600,true,,0.671,0.314,-8.091,0,0.244,0.11,0,0.0825,0.296,110.898,4
2016-08-008,27PmvZoffODNFW2p7ehZTQ,don't mind,kent jones,2016-04-25,198236,true,,0.464,0.771,-4.503,1,0.336,0.0235,0,0.063,0.69,158.777,4
2016-08-009,275a9yzwGB6ncAW4SxY7q3,panda,desiigner,2016-02-26,247866,true,,0.686,0.73,-5.504,0,0.412,0.0287,0,0.369,0.271,145.251,4
2016-08-010,3KZcrZ36LW9RnChK1iIkth,send my love (to your new lover),adele,2015-11-20,223078,false,soft pop,0.688,0.532,-8.361,0,0.0875,0.0356,0.00000308,0.172,0.565,164.068,4
2016-08-014,3KwwE4sgCzMaKWq6QBebmX,me too,meghan trainor,2017-05-12,181240,false,,0.934,0.694,-5.849,0,0.101,0.0971,0.0000012,0.477,0.833,123.831,4
2016-08-015,0BCy325UZyR9z0t0uxwn2N,h.o.l.y.,florida georgia line,2016-08-26,194186,false,"country,pop country,acoustic country",0.523,0.666,-4.081,0,0.0327,0.401,0,0.0728,0.564,78.077,4
2016-08-018,3O8NlPh2LByMU9lSRSHedm,controlla,drake,2016-05-06,245226,true,rap,0.59,0.468,-11.083,0,0.185,0.0789,0,0.101,0.349,92.287,4
2016-08-019,20bLudc6r1NChyZcrjRd7T,for free,dj khaled;drake,2016-06-03,183695,true,rap,0.916,0.571,-8.241,0,0.201,0.0173,0.00000111,0.153,0.498,103.521,4
2016-08-020,3BtuIIrQlkujKPuWF2B85z,too good,drake;rihanna,2016-05-06,263373,true,rap,0.794,0.653,-7.839,1,0.104,0.0489,0.0000488,0.1,0.397,117.996,4
2016-08-021,3QGsuHI8jO1Rx4JWLUh9jd,treat you better,shawn mendes,2017-04-20,187973,false,,0.443,0.82,-4.091,0,0.34,0.107,0,0.107,0.771,82.697,4
2016-08-022,3vZM2544ETmOCCHuBPZRzm,heathens,twenty one pilots,2016-08-05,195743,false,,0.737,0.476,-5.825,0,0.0262,0.0908,0.0000539,0.0968,0.555,90.028,4
2016-08-023,32lmL4vQAAotg6MrJnhlQZ,work,rihanna;drake,2016-01-28,219320,true,rap,0.725,0.534,-6.238,1,0.0946,0.0752,0,0.0919,0.558,91.974,4
2016-08-024,2meEiZKWkiN28gITzFwQo5,into you,ariana grande,2016-05-20,244453,false,pop,0.623,0.734,-5.948,1,0.107,0.0162,0.00000175,0.145,0.37,107.853,4
2016-08-026,5kqIPrATaCc2LqxVWzQGbk,7 years,lukas graham,2016-04-01,237300,false,dansk pop,0.765,0.473,-5.829,1,0.0514,0.287,0,0.391,0.34,119.992,4
2016-08-029,3CRDbSIZ4r5MsZ0YwxuEkn,stressed out,twenty one pilots,2015-05-15,202333,false,,0.734,0.637,-5.677,0,0.141,0.0462,0.0000229,0.0602,0.648,169.977,4
2016-08-032,2ggSyGB5HnVvGDGofu3ITZ,let it go,james bay,2014-06-03,261160,false,,0.566,0.286,-11.441,1,0.0292,0.806,0.0000178,0.111,0.263,147.43,4
2016-08-036,7l94dyN2hX9c6wWcZQuOGJ,dangerous woman,ariana grande,2016-05-20,235946,false,pop,0.664,0.602,-5.369,0,0.0412,0.0529,0,0.356,0.289,134.049,3
2016-08-037,50kpGaPAhYJ3sGmk6vplg0,love yourself,justin bieber,2015-11-13,233720,false,,0.609,0.378,-9.828,1,0.438,0.835,0,0.28,0.515,100.43,4
2016-08-038,6Knv6wdA0luoMUuuoYi2i1,my house,flo rida,2015-04-07,192190,false,,0.688,0.702,-4.792,0,0.0499,0.0215,0,0.128,0.74,94.006,4
2016-08-039,76hfruVvmfQbw0eYn1nmeC,cake by the ocean,dnce,2016-11-18,219146,true,,0.774,0.753,-5.446,0,0.0517,0.152,0,0.0371,0.896,119.002,4
2016-08-040,6WhzFzROw3aq3rPWjgYlxr,gold,kiiara,2015-10-26,225882,false,,0.6,0.412,-9.343,1,0.344,0.615,0.0025,0.134,0.408,113.049,5
2016-08-041,3lSDIJ2abCrOdDJ6pshUap,close,nick jonas;tove lo,2016-06-10,234213,false,,0.654,0.623,-5.273,0,0.082,0.253,0,0.144,0.401,123.996,4
2016-08-043,4h0zU3O9R5xzuTmNO7dNDU,lost boy,ruth b.,2015-08-21,275280,false,,0.71,0.0565,-15.099,1,0.0534,0.965,0,0.0889,0.348,123.994,4
2016-08-044,6BbINUfGabVyiNFJpQXn3x,wicked,future,2016-04-13,173346,true,rap,0.718,0.679,-5.899,0,0.0706,0.00191,0.0104,0.385,0.205,157.97,4
2016-08-045,09CtPGIpYB4BrO8qb1RGsF,sorry,justin bieber,2015-11-13,200786,false,,0.655,0.76,-3.669,0,0.045,0.0797,0,0.299,0.409,99.947,4
2016-08-049,6hmhG1b4LEyNuashVvuIAo,never forget you,zara larsson;mnek,2017-03-17,212574,false,,0.583,0.732,-5.729,0,0.0459,0.00315,0.00000957,0.269,0.277,146.005,4
2016-08-061,7lGKEWMXVWWTt3X71Bv44I,unsteady,x ambassadors,2015-06-30,193546,false,,0.389,0.665,-6.169,1,0.0644,0.178,0.000732,0.116,0.199,117.055,4
2016-08-062,16Ah4QqH4mgYVXqfC4mdSd,luv,tory lanez,2016-08-19,228640,true,,0.542,0.528,-8.113,0,0.243,0.0108,0,0.117,0.253,190.42,4
2016-08-064,0EGuSSpuu9wmHCtvb4PdLO,"sit still, look pretty",daya,2016-10-07,202221,false,,0.655,0.74,-4.081,1,0.274,0.14,0,0.106,0.543,182.105,4
2016-08-072,23NWj2izXAJ4yL6Nah73wf,pop style,drake;the throne,2016-04-04,209453,true,rap,0.789,0.488,-9.093,0,0.227,0.179,0.00000794,0.104,0.0644,133.114,4
2016-08-085,0l0CvurVUrr2w3Jj1hOVFc,no,meghan trainor,2017-05-12,213506,false,,0.557,0.803,-3.599,0,0.213,0.0124,0.00000161,0.737,0.657,92.134,4
2016-09-001,7BKLCZ1jbUBVqRi2FVlTVw,closer,the chainsmokers;halsey,2016-07-29,244960,false,,0.748,0.524,-5.599,1,0.0338,0.414,0,0.111,0.661,95.01,4
2016-09-003,7zsXy7vlHdItvUSH8EwQss,cold water,major lazer;justin bieber;mø,2016-07-22,185360,false,moombahton,0.608,0.798,-5.092,0,0.0432,0.0736,0,0.156,0.5,92.946,4
2016-09-004,3vZM2544ETmOCCHuBPZRzm,heathens,twenty one pilots,2016-08-05,195743,false,,0.737,0.476,-5.825,0,0.0262,0.0908,0.0000539,0.0968,0.555,90.028,4
2016-09-005,0azC730Exh71aQlOt9Zj3y,this is what you came for,calvin harris;rihanna,2016-04-29,221900,false,edm,0.631,0.927,-2.787,0,0.0332,0.199,0.119,0.148,0.465,123.962,4
2016-09-006,2Z8WuEywRWYTKe1NybPQEW,ride,twenty one pilots,2015-05-15,214506,false,,0.645,0.713,-5.355,1,0.0393,0.00835,0,0.113,0.566,74.989,4
2016-09-007,1zi7xx7UVEFkmKfv06H8x0,one dance,drake;wizkid;kyla,2016-05-06,173986,false,"rap,afrobeats,afrobeat,afropop,azonto,afroswing,afro r&b,afropiano",0.792,0.625,-5.609,1,0.0536,0.00776,0.0018,0.329,0.37,103.967,4
2016-09-008,1i1fxkWeaMmKEB4T7zqbzK,don't let me down,the chainsmokers;daya,2016-02-05,208373,false,,0.533,0.869,-5.093,1,0.173,0.156,0.00538,0.136,0.425,159.805,4
2016-09-010,3KZcrZ36LW9RnChK1iIkth,send my love (to your new lover),adele,2015-11-20,223078,false,soft pop,0.688,0.532,-8.361,0,0.0875,0.0356,0.00000308,0.172,0.565,164.068,4
2016-09-011,1Tt4sE4pXi57mTD1GCzsqm,needed me,rihanna,2016-01-28,191600,true,,0.671,0.314,-8.091,0,0.244,0.11,0,0.0825,0.296,110.898,4
2016-09-012,3QGsuHI8jO1Rx4JWLUh9jd,treat you better,shawn mendes,2017-04-20,187973,false,,0.443,0.82,-4.091,0,0.34,0.107,0,0.107,0.771,82.697,4
2016-09-013,2meEiZKWkiN28gITzFwQo5,into you,ariana grande,2016-05-20,244453,false,pop,0.623,0.734,-5.948,1,0.107,0.0162,0.00000175,0.145,0.37,107.853,4
2016-09-014,3BtuIIrQlkujKPuWF2B85z,too good,drake;rihanna,2016-05-06,263373,true,rap,0.794,0.653,-7.839,1,0.104,0.0489,0.0000488,0.1,0.397,117.996,4
2016-09-015,20bLudc6r1NChyZcrjRd7T,for free,dj khaled;drake,2016-06-03,183695,true,rap,0.916,0.571,-8.241,0,0.201,0.0173,0.00000111,0.153,0.498,103.521,4
2016-09-017,275a9yzwGB6ncAW4SxY7q3,panda,desiigner,2016-02-26,247866,true,,0.686,0.73,-5.504,0,0.412,0.0287,0,0.369,0.271,145.251,4
2016-09-019,0lYBSQXN6rCTvUZvg9S0lU,let me love you,dj snake;justin bieber,2016-08-05,205946,false,,0.475,0.715,-5.371,1,0.058,0.0863,0.0000267,0.135,0.159,199.892,4
2016-09-022,3O8NlPh2LByMU9lSRSHedm,controlla,drake,2016-05-06,245226,true,rap,0.59,0.468,-11.083,0,0.185,0.0789,0,0.101,0.349,92.287,4
2016-09-023,6WhzFzROw3aq3rPWjgYlxr,gold,kiiara,2015-10-26,225882,false,,0.6,0.412,-9.343,1,0.344,0.615,0.0025,0.134,0.408,113.049,5
2016-09-025,3KwwE4sgCzMaKWq6QBebmX,me too,meghan trainor,2017-05-12,181240,false,,0.934,0.694,-5.849,0,0.101,0.0971,0.0000012,0.477,0.833,123.831,4
2016-09-029,0BCy325UZyR9z0t0uxwn2N,h.o.l.y.,florida georgia line,2016-08-26,194186,false,"country,pop country,acoustic country",0.523,0.666,-4.081,0,0.0327,0.401,0,0.0728,0.564,78.077,4
2016-09-030,16Ah4QqH4mgYVXqfC4mdSd,luv,tory lanez,2016-08-19,228640,true,,0.542,0.528,-8.113,0,0.243,0.0108,0,0.117,0.253,190.42,4
2016-09-031,27PmvZoffODNFW2p7ehZTQ,don't mind,kent jones,2016-04-25,198236,true,,0.464,0.771,-4.503,1,0.336,0.0235,0,0.063,0.69,158.777,4
2016-09-034,3CRDbSIZ4r5MsZ0YwxuEkn,stressed out,twenty one pilots,2015-05-15,202333,false,,0.734,0.637,-5.677,0,0.141,0.0462,0.0000229,0.0602,0.648,169.977,4
2016-09-036,0EGuSSpuu9wmHCtvb4PdLO,"sit still, look pretty",daya,2016-10-07,202221,false,,0.655,0.74,-4.081,1,0.274,0.14,0,0.106,0.543,182.105,4
2016-09-037,3NJG6vMH1ZsectZkocMEm0,tiimmy turner,desiigner,2016-07-22,239853,true,,0.602,0.725,-3.054,1,0.0393,0.174,0,0.0786,0.304,122.803,4
2016-09-038,32lmL4vQAAotg6MrJnhlQZ,work,rihanna;drake,2016-01-28,219320,true,rap,0.725,0.534,-6.238,1,0.0946,0.0752,0,0.0919,0.558,91.974,4
2016-09-040,5kqIPrATaCc2LqxVWzQGbk,7 years,lukas graham,2016-04-01,237300,false,dansk pop,0.765,0.473,-5.829,1,0.0514,0.287,0,0.391,0.34,119.992,4
2016-09-045,7lGKEWMXVWWTt3X71Bv44I,unsteady,x ambassadors,2015-06-30,193546,false,,0.389,0.665,-6.169,1,0.0644,0.178,0.000732,0.116,0.199,117.055,4
2016-09-046,50kpGaPAhYJ3sGmk6vplg0,love yourself,justin bieber,2015-11-13,233720,false,,0.609,0.378,-9.828,1,0.438,0.835,0,0.28,0.515,100.43,4
2016-09-047,76hfruVvmfQbw0eYn1nmeC,cake by the ocean,dnce,2016-11-18,219146,true,,0.774,0.753,-5.446,0,0.0517,0.152,0,0.0371,0.896,119.002,4
2016-09-059,6BbINUfGabVyiNFJpQXn3x,wicked,future,2016-04-13,173346,true,rap,0.718,0.679,-5.899,0,0.0706,0.00191,0.0104,0.385,0.205,157.97,4
2016-09-062,4Ce37cRWvM1vIGGynKcs22,starving,hailee steinfeld;grey;zedd,2016-07-22,181880,false,edm,0.728,0.616,-4.238,1,0.0645,0.378,0,0.105,0.508,99.962,4
2016-09-086,23NWj2izXAJ4yL6Nah73wf,pop style,drake;the throne,2016-04-04,209453,true,rap,0.789,0.488,-9.093,0,0.227,0.179,0.00000794,0.104,0.0644,133.114,4
2016-10-001,7BKLCZ1jbUBVqRi2FVlTVw,closer,the chainsmokers;halsey,2016-07-29,244960,false,,0.748,0.524,-5.599,1,0.0338,0.414,0,0.111,0.661,95.01,4
2016-10-002,3vZM2544ETmOCCHuBPZRzm,heathens,twenty one pilots,2016-08-05,195743,false,,0.737,0.476,-5.825,0,0.0262,0.0908,0.0000539,0.0968,0.555,90.028,4
2016-10-003,7zsXy7vlHdItvUSH8EwQss,cold water,major lazer;justin bieber;mø,2016-07-22,185360,false,moombahton,0.608,0.798,-5.092,0,0.0432,0.0736,0,0.156,0.5,92.946,4
2016-10-005,1i1fxkWeaMmKEB4T7zqbzK,don't let me down,the chainsmokers;daya,2016-02-05,208373,false,,0.533,0.869,-5.093,1,0.173,0.156,0.00538,0.136,0.425,159.805,4
2016-10-006,0lYBSQXN6rCTvUZvg9S0lU,let me love you,dj snake;justin bieber,2016-08-05,205946,false,,0.475,0.715,-5.371,1,0.058,0.0863,0.0000267,0.135,0.159,199.892,4
2016-10-007,0azC730Exh71aQlOt9Zj3y,this is what you came for,calvin harris;rihanna,2016-04-29,221900,false,edm,0.631,0.927,-2.787,0,0.0332,0.199,0.119,0.148,0.465,123.962,4
2016-10-008,3QGsuHI8jO1Rx4JWLUh9jd,treat you better,shawn mendes,2017-04-20,187973,false,,0.443,0.82,-4.091,0,0.34,0.107,0,0.107,0.771,82.697,4
2016-10-009,2Z8WuEywRWYTKe1NybPQEW,ride,twenty one pilots,2015-05-15,214506,false,,0.645,0.713,-5.355,1,0.0393,0.00835,0,0.113,0.566,74.989,4
2016-10-010,3KZcrZ36LW9RnChK1iIkth,send my love (to your new lover),adele,2015-11-20,223078,false,soft pop,0.688,0.532,-8.361,0,0.0875,0.0356,0.00000308,0.172,0.565,164.068,4
2016-10-011,1Tt4sE4pXi57mTD1GCzsqm,needed me,rihanna,2016-01-28,191600,true,,0.671,0.314,-8.091,0,0.244,0.11,0,0.0825,0.296,110.898,4
2016-10-014,1zi7xx7UVEFkmKfv06H8x0,one dance,drake;wizkid;kyla,2016-05-06,173986,false,"rap,afrobeats,afrobeat,afropop,azonto,afroswing,afro r&b,afropiano",0.792,0.625,-5.609,1,0.0536,0.00776,0.0018,0.329,0.37,103.967,4
2016-10-016,3BtuIIrQlkujKPuWF2B85z,too good,drake;rihanna,2016-05-06,263373,true,rap,0.794,0.653,-7.839,1,0.104,0.0489,0.0000488,0.1,0.397,117.996,4
2016-10-017,2meEiZKWkiN28gITzFwQo5,into you,ariana grande,2016-05-20,244453,false,pop,0.623,0.734,-5.948,1,0.107,0.0162,0.00000175,0.145,0.37,107.853,4
2016-10-019,1pKeFVVUOPjFsOABub0OaV,side to side,ariana grande;nicki minaj,2016-05-20,226160,true,pop,0.65,0.736,-5.84,0,0.229,0.0528,0,0.235,0.613,159.173,4
2016-10-020,6WhzFzROw3aq3rPWjgYlxr,gold,kiiara,2015-10-26,225882,false,,0.6,0.412,-9.343,1,0.344,0.615,0.0025,0.134,0.408,113.049,5
2016-10-021,16Ah4QqH4mgYVXqfC4mdSd,luv,tory lanez,2016-08-19,228640,true,,0.542,0.528,-8.113,0,0.243,0.0108,0,0.117,0.253,190.42,4
2016-10-025,275a9yzwGB6ncAW4SxY7q3,panda,desiigner,2016-02-26,247866,true,,0.686,0.73,-5.504,0,0.412,0.0287,0,0.369,0.271,145.251,4
2016-10-027,20bLudc6r1NChyZcrjRd7T,for free,dj khaled;drake,2016-06-03,183695,true,rap,0.916,0.571,-8.241,0,0.201,0.0173,0.00000111,0.153,0.498,103.521,4
2016-10-029,7lGKEWMXVWWTt3X71Bv44I,unsteady,x ambassadors,2015-06-30,193546,false,,0.389,0.665,-6.169,1,0.0644,0.178,0.000732,0.116,0.199,117.055,4
2016-10-030,3O8NlPh2LByMU9lSRSHedm,controlla,drake,2016-05-06,245226,true,rap,0.59,0.468,-11.083,0,0.185,0.0789,0,0.101,0.349,92.287,4
2016-10-032,0EGuSSpuu9wmHCtvb4PdLO,"sit still, look pretty",daya,2016-10-07,202221,false,,0.655,0.74,-4.081,1,0.274,0.14,0,0.106,0.543,182.105,4
2016-10-033,4Ce37cRWvM1vIGGynKcs22,starving,hailee steinfeld;grey;zedd,2016-07-22,181880,false,edm,0.728,0.616,-4.238,1,0.0645,0.378,0,0.105,0.508,99.962,4
2016-10-034,3NJG6vMH1ZsectZkocMEm0,tiimmy turner,desiigner,2016-07-22,239853,true,,0.602,0.725,-3.054,1,0.0393,0.174,0,0.0786,0.304,122.803,4
2016-10-038,3CRDbSIZ4r5MsZ0YwxuEkn,stressed out,twenty one pilots,2015-05-15,202333,false,,0.734,0.637,-5.677,0,0.141,0.0462,0.0000229,0.0602,0.648,169.977,4
2016-10-041,32lmL4vQAAotg6MrJnhlQZ,work,rihanna;drake,2016-01-28,219320,true,rap,0.725,0.534,-6.238,1,0.0946,0.0752,0,0.0919,0.558,91.974,4
2016-10-045,5kqIPrATaCc2LqxVWzQGbk,7 years,lukas graham,2016-04-01,237300,false,dansk pop,0.765,0.473,-5.829,1,0.0514,0.287,0,0.391,0.34,119.992,4
2016-10-049,0BCy325UZyR9z0t0uxwn2N,h.o.l.y.,florida georgia line,2016-08-26,194186,false,"country,pop country,acoustic country",0.523,0.666,-4.081,0,0.0327,0.401,0,0.0728,0.564,78.077,4
2016-10-053,3KwwE4sgCzMaKWq6QBebmX,me too,meghan trainor,2017-05-12,181240,false,,0.934,0.694,-5.849,0,0.101,0.0971,0.0000012,0.477,0.833,123.831,4
2016-10-058,27PmvZoffODNFW2p7ehZTQ,don't mind,kent jones,2016-04-25,198236,true,,0.464,0.771,-4.503,1,0.336,0.0235,0,0.063,0.69,158.777,4
2016-10-062,0prNGof3XqfTvNDxHonvdK,scars to your beautiful,alessia cara,2015-11-13,230226,false,,0.573,0.739,-5.74,1,0.129,0.0285,0,0.111,0.451,97.085,4
2016-10-096,6fujklziTHa8uoM5OQSfIo,black beatles,rae sremmurd;gucci mane,2016-08-12,291893,true,"southern hip hop,rap,trap",0.794,0.632,-6.163,1,0.0649,0.142,0,0.128,0.355,145.926,4
2016-11-001,7BKLCZ1jbUBVqRi2FVlTVw,closer,the chainsmokers;halsey,2016-07-29,244960,false,,0.748,0.524,-5.599,1,0.0338,0.414,0,0.111,0.661,95.01,4
2016-11-002,7MXVkk9YMctZqd1Srtv4MB,starboy,the weeknd;daft punk,2016-11-25,230453,true,"french house,electronic,electro",0.679,0.587,-7.015,1,0.276,0.141,0.00000635,0.137,0.486,186.003,4
2016-11-003,3vZM2544ETmOCCHuBPZRzm,heathens,twenty one pilots,2016-08-05,195743,false,,0.737,0.476,-5.825,0,0.0262,0.0908,0.0000539,0.0968,0.555,90.028,4
2016-11-004,0lYBSQXN6rCTvUZvg9S0lU,let me love you,dj snake;justin bieber,2016-08-05,205946,false,,0.475,0.715,-5.371,1,0.058,0.0863,0.0000267,0.135,0.159,199.892,4
2016-11-006,6b8Be6ljOzmkOmFslEb23P,24k magic,bruno mars,2016-11-18,225983,false,,0.818,0.803,-4.282,1,0.0797,0.034,0,0.153,0.632,106.97,4
2016-11-007,7zsXy7vlHdItvUSH8EwQss,cold water,major lazer;justin bieber;mø,2016-07-22,185360,false,moombahton,0.608,0.798,-5.092,0,0.0432,0.0736,0,0.156,0.5,92.946,4
2016-11-008,1pKeFVVUOPjFsOABub0OaV,side to side,ariana grande;nicki minaj,2016-05-20,226160,true,pop,0.65,0.736,-5.84,0,0.229,0.0528,0,0.235,0.613,159.173,4
2016-11-010,3QGsuHI8jO1Rx4JWLUh9jd,treat you better,shawn mendes,2017-04-20,187973,false,,0.443,0.82,-4.091,0,0.34,0.107,0,0.107,0.771,82.697,4
2016-11-013,1lItf5ZXJc1by9SbPeljFd,juju on that beat (tz anthem),zay hilfigerrr;zayion mccall,2016-09-30,144244,false,,0.807,0.887,-3.892,1,0.275,0.00381,0,0.391,0.78,160.517,4
2016-11-014,6WhzFzROw3aq3rPWjgYlxr,gold,kiiara,2015-10-26,225882,false,,0.6,0.412,-9.343,1,0.344,0.615,0.0025,0.134,0.408,113.049,5
2016-11-015,1i1fxkWeaMmKEB4T7zqbzK,don't let me down,the chainsmokers;daya,2016-02-05,208373,false,,0.533,0.869,-5.093,1,0.173,0.156,0.00538,0.136,0.425,159.805,4
2016-11-016,2Z8WuEywRWYTKe1NybPQEW,ride,twenty one pilots,2015-05-15,214506,false,,0.645,0.713,-5.355,1,0.0393,0.00835,0,0.113,0.566,74.989,4
2016-11-017,0azC730Exh71aQlOt9Zj3y,this is what you came for,calvin harris;rihanna,2016-04-29,221900,false,edm,0.631,0.927,-2.787,0,0.0332,0.199,0.119,0.148,0.465,123.962,4
2016-11-018,4Ce37cRWvM1vIGGynKcs22,starving,hailee steinfeld;grey;zedd,2016-07-22,181880,false,edm,0.728,0.616,-4.238,1,0.0645,0.378,0,0.105,0.508,99.962,4
2016-11-020,16Ah4QqH4mgYVXqfC4mdSd,luv,tory lanez,2016-08-19,228640,true,,0.542,0.528,-8.113,0,0.243,0.0108,0,0.117,0.253,190.42,4
2016-11-022,6fujklziTHa8uoM5OQSfIo,black beatles,rae sremmurd;gucci mane,2016-08-12,291893,true,"southern hip hop,rap,trap",0.794,0.632,-6.163,1,0.0649,0.142,0,0.128,0.355,145.926,4
2016-11-023,1zi7xx7UVEFkmKfv06H8x0,one dance,drake;wizkid;kyla,2016-05-06,173986,false,"rap,afrobeats,afrobeat,afropop,azonto,afroswing,afro r&b,afropiano",0.792,0.625,-5.609,1,0.0536,0.00776,0.0018,0.329,0.37,103.967,4
2016-11-024,3KZcrZ36LW9RnChK1iIkth,send my love (to your new lover),adele,2015-11-20,223078,false,soft pop,0.688,0.532,-8.361,0,0.0875,0.0356,0.00000308,0.172,0.565,164.068,4
2016-11-026,1Tt4sE4pXi57mTD1GCzsqm,needed me,rihanna,2016-01-28,191600,true,,0.671,0.314,-8.091,0,0.244,0.11,0,0.0825,0.296,110.898,4
2016-11-028,3BtuIIrQlkujKPuWF2B85z,too good,drake;rihanna,2016-05-06,263373,true,rap,0.794,0.653,-7.839,1,0.104,0.0489,0.0000488,0.1,0.397,117.996,4
2016-11-030,7lGKEWMXVWWTt3X71Bv44I,unsteady,x ambassadors,2015-06-30,193546,false,,0.389,0.665,-6.169,1,0.0644,0.178,0.000732,0.116,0.199,117.055,4
2016-11-033,0EGuSSpuu9wmHCtvb4PdLO,"sit still, look pretty",daya,2016-10-07,202221,false,,0.655,0.74,-4.081,1,0.274,0.14,0,0.106,0.543,182.105,4
2016-11-034,3NJG6vMH1ZsectZkocMEm0,tiimmy turner,desiigner,2016-07-22,239853,true,,0.602,0.725,-3.054,1,0.0393,0.174,0,0.0786,0.304,122.803,4
2016-11-036,0prNGof3XqfTvNDxHonvdK,scars to your beautiful,alessia cara,2015-11-13,230226,false,,0.573,0.739,-5.74,1,0.129,0.0285,0,0.111,0.451,97.085,4
2016-11-038,275a9yzwGB6ncAW4SxY7q3,panda,desiigner,2016-02-26,247866,true,,0.686,0.73,-5.504,0,0.412,0.0287,0,0.369,0.271,145.251,4
2016-11-041,2meEiZKWkiN28gITzFwQo5,into you,ariana grande,2016-05-20,244453,false,pop,0.623,0.734,-5.948,1,0.107,0.0162,0.00000175,0.145,0.37,107.853,4
2016-11-045,3O8NlPh2LByMU9lSRSHedm,controlla,drake,2016-05-06,245226,true,rap,0.59,0.468,-11.083,0,0.185,0.0789,0,0.101,0.349,92.287,4
2016-11-047,20bLudc6r1NChyZcrjRd7T,for free,dj khaled;drake,2016-06-03,183695,true,rap,0.916,0.571,-8.241,0,0.201,0.0173,0.00000111,0.153,0.498,103.521,4
2016-11-059,0SuLAslEMFZAXf0SwY7syi,all time low,jon bellion,2016-06-10,217603,true,,0.617,0.567,-4.188,1,0.0828,0.0584,0,0.0933,0.505,90.246,4
2016-11-084,0AS63m1wHv9n4VVRizK6Hc,mercy,shawn mendes,2017-04-20,208733,false,,0.554,0.662,-4.957,0,0.0821,0.126,0,0.111,0.338,148.122,4
2016-11-100,6gBFPUFcJLzWGx4lenP6h2,goosebumps,travis scott,2016-09-16,243836,true,rap,0.841,0.728,-3.37,1,0.0484,0.0847,0,0.149,0.43,130.049,4
2016-12-001,6fujklziTHa8uoM5OQSfIo,black beatles,rae sremmurd;gucci mane,2016-08-12,291893,true,"southern hip hop,rap,trap",0.794,0.632,-6.163,1,0.0649,0.142,0,0.128,0.355,145.926,4
2016-12-002,7BKLCZ1jbUBVqRi2FVlTVw,closer,the chainsmokers;halsey,2016-07-29,244960,false,,0.748,0.524,-5.599,1,0.0338,0.414,0,0.111,0.661,95.01,4
2016-12-003,7MXVkk9YMctZqd1Srtv4MB,starboy,the weeknd;daft punk,2016-11-25,230453,true,"french house,electronic,electro",0.679,0.587,-7.015,1,0.276,0.141,0.00000635,0.137,0.486,186.003,4
2016-12-004,1pKeFVVUOPjFsOABub0OaV,side to side,ariana grande;nicki minaj,2016-05-20,226160,true,pop,0.65,0.736,-5.84,0,0.229,0.0528,0,0.235,0.613,159.173,4
2016-12-005,3vZM2544ETmOCCHuBPZRzm,heathens,twenty one pilots,2016-08-05,195743,false,,0.737,0.476,-5.825,0,0.0262,0.0908,0.0000539,0.0968,0.555,90.028,4
2016-12-006,6b8Be6ljOzmkOmFslEb23P,24k magic,bruno mars,2016-11-18,225983,false,,0.818,0.803,-4.282,1,0.0797,0.034,0,0.153,0.632,106.97,4
2016-12-007,0lYBSQXN6rCTvUZvg9S0lU,let me love you,dj snake;justin bieber,2016-08-05,205946,false,,0.475,0.715,-5.371,1,0.058,0.0863,0.0000267,0.135,0.159,199.892,4
2016-12-008,1lItf5ZXJc1by9SbPeljFd,juju on that beat (tz anthem),zay hilfigerrr;zayion mccall,2016-09-30,144244,false,,0.807,0.887,-3.892,1,0.275,0.00381,0,0.391,0.78,160.517,4
2016-12-013,7zsXy7vlHdItvUSH8EwQss,cold water,major lazer;justin bieber;mø,2016-07-22,185360,false,moombahton,0.608,0.798,-5.092,0,0.0432,0.0736,0,0.156,0.5,92.946,4
2016-12-014,343YBumqHu19cGoGARUTsd,fake love,drake,2017-03-18,210937,true,rap,0.928,0.481,-9.35,0,0.287,0.105,0,0.176,0.613,134.007,4
2016-12-015,4Ce37cRWvM1vIGGynKcs22,starving,hailee steinfeld;grey;zedd,2016-07-22,181880,false,edm,0.728,0.616,-4.238,1,0.0645,0.378,0,0.105,0.508,99.962,4
2016-12-016,3QGsuHI8jO1Rx4JWLUh9jd,treat you better,shawn mendes,2017-04-20,187973,false,,0.443,0.82,-4.091,0,0.34,0.107,0,0.107,0.771,82.697,4
2016-12-017,0prNGof3XqfTvNDxHonvdK,scars to your beautiful,alessia cara,2015-11-13,230226,false,,0.573,0.739,-5.74,1,0.129,0.0285,0,0.111,0.451,97.085,4
2016-12-021,7lGKEWMXVWWTt3X71Bv44I,unsteady,x ambassadors,2015-06-30,193546,false,,0.389,0.665,-6.169,1,0.0644,0.178,0.000732,0.116,0.199,117.055,4
2016-12-023,1i1fxkWeaMmKEB4T7zqbzK,don't let me down,the chainsmokers;daya,2016-02-05,208373,false,,0.533,0.869,-5.093,1,0.173,0.156,0.00538,0.136,0.425,159.805,4
2016-12-025,0azC730Exh71aQlOt9Zj3y,this is what you came for,calvin harris;rihanna,2016-04-29,221900,false,edm,0.631,0.927,-2.787,0,0.0332,0.199,0.119,0.148,0.465,123.962,4
2016-12-027,6WhzFzROw3aq3rPWjgYlxr,gold,kiiara,2015-10-26,225882,false,,0.6,0.412,-9.343,1,0.344,0.615,0.0025,0.134,0.408,113.049,5
2016-12-028,2Z8WuEywRWYTKe1NybPQEW,ride,twenty one pilots,2015-05-15,214506,false,,0.645,0.713,-5.355,1,0.0393,0.00835,0,0.113,0.566,74.989,4
2016-12-032,1Tt4sE4pXi57mTD1GCzsqm,needed me,rihanna,2016-01-28,191600,true,,0.671,0.314,-8.091,0,0.244,0.11,0,0.0825,0.296,110.898,4
2016-12-033,1zi7xx7UVEFkmKfv06H8x0,one dance,drake;wizkid;kyla,2016-05-06,173986,false,"rap,afrobeats,afrobeat,afropop,azonto,afroswing,afro r&b,afropiano",0.792,0.625,-5.609,1,0.0536,0.00776,0.0018,0.329,0.37,103.967,4
2016-12-035,0SuLAslEMFZAXf0SwY7syi,all time low,jon bellion,2016-06-10,217603,true,,0.617,0.567,-4.188,1,0.0828,0.0584,0,0.0933,0.505,90.246,4
2016-12-038,3NJG6vMH1ZsectZkocMEm0,tiimmy turner,desiigner,2016-07-22,239853,true,,0.602,0.725,-3.054,1,0.0393,0.174,0,0.0786,0.304,122.803,4
2016-12-039,3KZcrZ36LW9RnChK1iIkth,send my love (to your new lover),adele,2015-11-20,223078,false,soft pop,0.688,0.532,-8.361,0,0.0875,0.0356,0.00000308,0.172,0.565,164.068,4
2016-12-040,16Ah4QqH4mgYVXqfC4mdSd,luv,tory lanez,2016-08-19,228640,true,,0.542,0.528,-8.113,0,0.243,0.0108,0,0.117,0.253,190.42,4
2016-12-042,275a9yzwGB6ncAW4SxY7q3,panda,desiigner,2016-02-26,247866,true,,0.686,0.73,-5.504,0,0.412,0.0287,0,0.369,0.271,145.251,4
2016-12-047,0AS63m1wHv9n4VVRizK6Hc,mercy,shawn mendes,2017-04-20,208733,false,,0.554,0.662,-4.957,0,0.0821,0.126,0,0.111,0.338,148.122,4
2016-12-048,3BtuIIrQlkujKPuWF2B85z,too good,drake;rihanna,2016-05-06,263373,true,rap,0.794,0.653,-7.839,1,0.104,0.0489,0.0000488,0.1,0.397,117.996,4
2016-12-050,2aksifNn5ph8igDOkPBA02,love on the brain,rihanna,2016-01-28,224000,true,,0.509,0.637,-4.83,0,0.0471,0.0717,0.0000108,0.0789,0.378,172.006,3
2016-12-060,0SGkqnVQo9KPytSri1H6cF,bounce back,big sean,2017-02-03,222360,true,,0.785,0.575,-5.628,0,0.133,0.105,0,0.129,0.272,81.529,4
2016-12-075,5uCax9HTNlzGybIStD3vDh,say you won't let go,james arthur,2016-10-28,211477,false,soft pop,0.358,0.557,-7.398,1,0.059,0.695,0,0.0902,0.494,85.043,4
2016-12-094,7xfzwPasShmaPL7gB7va3J,water under the bridge,adele,2015-11-20,240439,false,soft pop,0.59,0.833,-6.503,0,0.0615,0.0142,0.00000535,0.105,0.537,94.963,4
2016-12-100,6gBFPUFcJLzWGx4lenP6h2,goosebumps,travis scott,2016-09-16,243836,true,rap,0.841,0.728,-3.37,1,0.0484,0.0847,0,0.149,0.43,130.049,4
