track_id,artists,album_name,track_name,duration_ms,explicit
2021-01-001,Mariah Carey,Merry Christmas,All I Want For Christmas Is You,239000,false
2021-01-002,Brenda Lee,Christmas Cookies,Rockin' Around The Christmas Tree,126000,false
2021-01-003,Bobby Helms,Jingle Bells,Jingle Bell Rock,130000,false
2021-01-004,Burl Ives,Have A Holly Jolly Christmas,A Holly Jolly Christmas,128000,false
2021-01-005,Andy Williams,The Andy Williams Christmas Album,It's The Most Wonderful Time Of The Year,151000,false
2021-01-006,Jose Feliciano,Feliz Navidad,Feliz Navidad,182000,false
2021-01-007,24kGoldn Featuring iann dior,El Dorado,Mood,140000,true
2021-01-008,Dean Martin,Let It Snow,"Let It Snow, Let It Snow, Let It Snow",116000,false
2021-01-009,Wham!,LAST CHRISTMAS,Last Christmas,264000,false
2021-01-010,Chuck Berry,Rock 'N' Roll Rarities,Run Rudolph Run,162000,false
2021-01-011,Nat King Cole,The Christmas Song,The Christmas Song (Merry Christmas To You),190000,false
2021-01-012,Kelly Clarkson,Wrapped In Red,Underneath The Tree,229000,false
2021-01-013,The Ronettes,A Christmas Gift For You From Phil Spector,Sleigh Ride,181000,false
2021-01-014,Ariana Grande,Positions,Positions,172000,false
2021-01-015,Perry Como And The Fontane Sisters With Mitchell Ayres And His Orchestra,Greatest Christmas Songs,It's Beginning To Look A Lot Like Christmas,155000,false
2021-01-016,Gene Autry,Rudolph The Red Nosed Reindeer And Other Christmas Classics,Rudolph The Red-Nosed Reindeer,187000,false
2021-01-017,Ariana Grande,Santa Tell Me,Santa Tell Me,203000,false
2021-01-018,Andy Williams,Christmas Album,Happy Holiday / The Holiday Season,156000,false
2021-01-019,Darlene Love,A Christmas Gift For You From Phil Spector,Christmas (Baby Please Come Home),166000,false
2021-01-020,Bing Crosby,The Polar Express (Original Motion Picture Soundtrack),White Christmas,184000,false
2021-01-021,Justin Bieber Featuring Chance The Rapper,Holy,Holy,212000,false
2021-01-022,Perry Como With Mitchell Ayers And His Orchestra,A Perry Como Christmas,(There's No Place Like) Home For The Holidays (1959),178000,false
2021-01-023,Michael Buble,100 Greatest Christmas Songs Ever,It's Beginning To Look A Lot Like Christmas,206000,false
2021-01-024,Chris Brown & Young Thug,Slime & B,Go Crazy,176000,true
2021-01-025,Drake Featuring Lil Durk,Laugh Now Cry Later,Laugh Now Cry Later,261000,true
2021-01-026,Gene Autry,The Essential Gene Autry,Here Comes Santa Claus (Right Down Santa Claus Lane),150000,false
2021-01-027,Dua Lipa,Future Nostalgia,Levitating,203000,false
2021-01-028,Paul McCartney,McCartney II (Archive Edition),Wonderful Christmastime,227000,false
2021-01-029,Pop Smoke Featuring Lil Baby & DaBaby,Shoot For The Stars Aim For The Moon,For The Night,190000,true
2021-01-030,Gabby Barrett Featuring Charlie Puth,I Hope,I Hope,209000,false
2021-01-031,Internet Money & Gunna Featuring Don Toliver & NAV,B4 The Storm,Lemonade,195000,true
2021-01-032,Thurl Ravenscroft,How The Grinch Stole Christmas,"You're A Mean One, Mr. Grinch",176000,false
2021-01-033,Elvis Presley,Blue Christmas,Blue Christmas,128000,false
2021-01-034,Bad Bunny & Jhay Cortez,DÁKITI,Dakiti,205000,true
2021-01-035,Megan Thee Stallion,Good News,Body,171000,true
2021-01-036,Bing Crosby & The Andrews Sisters,White Christmas,Mele Kalikimaka (Merry Christmas),169000,false
2021-01-037,AJR,Bang!,Bang!,171000,false
2021-01-038,Taylor Swift,evermore (deluxe version),Willow,214000,false
2021-01-039,Donny Hathaway,A Donny Hathaway Collection,This Christmas,231000,false
2021-01-040,Ariana Grande Feat. Doja Cat & Megan Thee Stallion,34+35 (Remix),34+35,182000,true
2021-01-041,Ava Max,Kings & Queens,Kings & Queens,162000,false
2021-01-042,Billie Eilish,Happier Than Ever,Therefore I Am,174000,false
2021-01-043,Nat King Cole,Nat King Cole - Christmas songs,Deck The Halls,64000,false
2021-01-044,BTS,Dynamite (NightTime Version),Dynamite,199000,false
2021-01-045,Eagles,Please Come Home for Christmas / Funky New Year (2013 Remaster),Please Come Home For Christmas,177000,false
2021-01-046,Jackson 5,Ultimate Christmas Collection,Santa Claus Is Comin' To Town,143000,false
2021-01-047,The Beach Boys,Christmas With The Beach Boys,Little Saint Nick,120000,false
2021-01-048,Dan + Shay,Take Me Home For Christmas,Take Me Home For Christmas,203000,false
2021-01-049,Michael Buble,Christmas (Deluxe 10th Anniversary Edition),Have Yourself A Merry Little Christmas,232000,false
2021-01-050,Bing Crosby,100 Chants De Noël,I'll Be Home For Christmas,114000,false
2021-01-051,Pop Smoke,Shoot For The Stars Aim For The Moon (Deluxe),What You Know Bout Love,160000,false
2021-01-052,CJ,Whoopty,Whoopty,123000,false
2021-01-053,Justin Bieber & benny blanco,Lonely,Lonely,149000,true
2021-01-054,Carrie Underwood & John Legend,My Gift,Hallelujah,275000,false
2021-01-055,Cardi B Featuring Megan Thee Stallion,WAP (feat. Megan Thee Stallion),WAP,187000,true
2021-01-056,Lil Nas X,HOLIDAY,Holiday,154000,true
2021-01-057,Luke Combs,What You See Is What You Get,Better Together,219000,false
2021-01-058,Lil Baby,All On Me,On Me,219000,true
2021-01-059,Ed Sheeran,Afterglow,Afterglow,185000,false
2021-01-060,Eminem,Music To Be Murdered By - Side B (Deluxe Edition),Gnat,224000,true
2021-01-061,Justin Bieber,Rockin' Around The Christmas Tree,Rockin' Around The Christmas Tree,133000,false
2021-01-062,Carrie Underwood,My Gift (Special Edition),Favorite Time Of Year,197000,false
2021-01-063,Maluma & The Weeknd,Hawái,Hawai,200000,false
2021-01-064,Shawn Mendes & Justin Bieber,Monster,Monster,179000,false
2021-01-065,Sam Smith,Diamonds,Diamonds,213000,false
2021-01-066,Chris Stapleton,Starting Over,Starting Over,240000,false
2021-01-067,Megan Thee Stallion Featuring DaBaby,Good News,Cry Baby,137000,true
2021-01-068,Tate McRae,you broke me first,You Broke Me First.,169000,true
2021-01-069,Machine Gun Kelly X blackbear,Tickets To My Downfall,My Ex's Best Friend,138000,true
2021-01-070,The Kid LAROI,F*CK LOVE 3+: OVER YOU,Without You,161000,true
2021-01-071,Chris Lane,"Big, Big Plans","Big, Big Plans",187000,false
2021-01-072,21 Savage & Metro Boomin Featuring Drake,SAVAGE MODE II,Mr. Right Now,193000,true
2021-01-073,Luke Combs,What You See Ain't Always What You Get (Deluxe Edition),Forever After All,232000,false
2021-01-074,BRS Kash,Kash Only,Throat Baby (Go Baby),211000,true
2021-01-075,Kelly Clarkson & Brett Eldredge,Under The Mistletoe,Under The Mistletoe,225000,false
2021-01-076,Jack Harlow,Tyler Herro,Tyler Herro,156000,true
2021-01-077,Taylor Swift,evermore (deluxe version),Champagne Problems,242000,true
2021-01-078,Gabby Barrett,Noël Country 2024,The First Noel,261000,false
2021-01-079,Russell Dickerson,Love You Like I Used To,Love You Like I Used To,186000,false
2021-01-080,Lady A,Champagne Night (From Songland),Champagne Night,185000,false
2021-01-081,Miley Cyrus Featuring Dua Lipa,Plastic Hearts,Prisoner,169000,false
2021-01-082,Niko Moon,GOOD TIME,Good Time,215000,false
2021-01-083,Morgan Wallen,7 Summers,7 Summers,210000,false
2021-01-084,Popp Hunna,Adderall (Corvette Corvette),Adderall (Corvette Corvette),136000,true
2021-01-085,Yung Bleu Featuring Drake,Moon Boy,You're Mines Still,226000,false
2021-01-086,Kid Cudi,Man On The Moon III: The Chosen,Tequila Shots,193000,true
2021-01-087,Saweetie Featuring Jhene Aiko,Back to the Streets (feat. Jhené Aiko),Back To The Streets,189000,true
2021-01-088,Karol G,BICHOTA,Bichota,178000,true
2021-01-089,Jack Harlow Featuring Big Sean,Thats What They All Say,Way Out,168000,true
2021-01-090,SZA Featuring Ty Dolla $ign,"Hit Different (feat. Ty Dolla $ign, The Neptunes & Pharrell Williams)",Hit Different,202000,true
2021-01-091,Taylor Swift,evermore (deluxe version),'Tis The Damn Season,229000,false
2021-01-092,H.E.R.,Back of My Mind,Damage,227000,false
2021-01-093,Lil Durk,The Voice (Deluxe),Backdoor,200000,true
2021-01-094,Carrie Underwood,My Gift,Silent Night,211000,false
2021-01-095,Harry Styles,Fine Line,Golden,208000,false
2021-01-096,Kelsea Ballerini,hole in the bottle (with Shania Twain),Hole In The Bottle,156000,false
2021-01-097,Taylor Swift Featuring HAIM,evermore (deluxe version),"No Body, No Crime",215000,false
2021-01-098,DDG,Die 4 Respect,Moonwalking In Calabasas,170000,true
2021-01-099,King Von,Took Her To The O,Took Her To The O,194000,true
2021-01-100,Ritt Momney,Put Your Records On,Put Your Records On,210000,false
2021-02-001,Olivia Rodrigo,SOUR,Drivers License,242000,true
2021-02-002,24kGoldn Featuring iann dior,El Dorado,Mood,140000,true
2021-02-003,The Weeknd,After Hours,Blinding Lights,200000,false
2021-02-004,Ariana Grande Feat. Doja Cat & Megan Thee Stallion,34+35 (Remix),34+35,182000,true
2021-02-005,Dua Lipa,Future Nostalgia,Levitating,203000,false
2021-02-006,Chris Brown & Young Thug,Slime & B,Go Crazy,176000,true
2021-02-007,Ariana Grande,Positions,Positions,172000,false
2021-02-008,Justin Bieber Featuring Chance The Rapper,Holy,Holy,212000,false
2021-02-009,SZA,Good Days,Good Days,279000,true
2021-02-010,AJR,Bang!,Bang!,171000,false
2021-02-011,Pop Smoke Featuring Lil Baby & DaBaby,Shoot For The Stars Aim For The Moon,For The Night,190000,true
2021-02-012,Billie Eilish,Happier Than Ever,Therefore I Am,174000,false
2021-02-013,Justin Bieber & benny blanco,Lonely,Lonely,149000,true
2021-02-014,The Weeknd & Ariana Grande,After Hours,Save Your Tears,215000,false
2021-02-015,Luke Combs,What You See Is What You Get,Better Together,219000,false
2021-02-016,CJ,Whoopty,Whoopty,123000,false
2021-02-017,Gabby Barrett Featuring Charlie Puth,I Hope,I Hope,209000,false
2021-02-018,Megan Thee Stallion,Good News,Body,171000,true
2021-02-019,Pop Smoke,Shoot For The Stars Aim For The Moon (Deluxe),What You Know Bout Love,160000,false
2021-02-020,Bad Bunny & Jhay Cortez,DÁKITI,Dakiti,205000,true
2021-02-021,Internet Money & Gunna Featuring Don Toliver & NAV,B4 The Storm,Lemonade,195000,true
2021-02-022,Drake Featuring Lil Durk,Laugh Now Cry Later,Laugh Now Cry Later,261000,true
2021-02-023,Morgan Wallen,7 Summers,7 Summers,210000,false
2021-02-024,BRS Kash,Kash Only,Throat Baby (Go Baby),211000,true
2021-02-025,Doja Cat,Hot Pink,Streets,229000,true
2021-02-026,Justin Bieber,Justice,Anyone,190000,false
2021-02-027,Tate McRae,you broke me first,You Broke Me First.,169000,true
2021-02-028,Taylor Swift,evermore (deluxe version),Willow,214000,false
2021-02-029,Lil Baby,All On Me,On Me,219000,true
2021-02-030,Morgan Wallen,More Than My Hometown,More Than My Hometown,216000,false
2021-02-031,Morgan Wallen,Dangerous: The Double Album,Wasted On You,178000,false
2021-02-032,Yung Bleu Featuring Drake,Moon Boy,You're Mines Still,226000,false
2021-02-033,Lewis Capaldi,Before You Go,Before You Go,215000,false
2021-02-034,Machine Gun Kelly X blackbear,Tickets To My Downfall,My Ex's Best Friend,138000,true
2021-02-035,Ava Max,Kings & Queens,Kings & Queens,162000,false
2021-02-036,Chris Stapleton,Starting Over,Starting Over,240000,false
2021-02-037,Niko Moon,GOOD TIME,Good Time,215000,false
2021-02-038,Morgan Wallen,Dangerous: The Double Album,Sand In My Boots,202000,false
2021-02-039,Ed Sheeran,Afterglow,Afterglow,185000,false
2021-02-040,Pooh Shiesty Featuring Lil Durk,Back In Blood (feat. Lil Durk),Back In Blood,184000,true
2021-02-041,DaBaby Featuring Roddy Ricch,BLAME IT ON BABY,Rockstar,182000,true
2021-02-042,Kelsea Ballerini,hole in the bottle (with Shania Twain),Hole In The Bottle,156000,false
2021-02-043,Morgan Wallen,Dangerous: The Double Album (Bonus),Somebody's Problem,161000,false
2021-02-044,"Jack Harlow Featuring DaBaby, Tory Lanez & Lil Wayne",WHATS POPPIN,Whats Poppin,139000,true
2021-02-045,Saweetie Featuring Doja Cat,Best Friend (feat. Doja Cat),Best Friend,155000,true
2021-02-046,BTS,Dynamite (NightTime Version),Dynamite,199000,false
2021-02-047,The Kid LAROI,F*CK LOVE 3+: OVER YOU,Without You,161000,true
2021-02-048,Sabrina Carpenter,Skin,Skin,177000,false
2021-02-049,Sam Smith,Diamonds,Diamonds,213000,false
2021-02-050,Kenny Chesney,Here And Now,Happy Does,168000,false
2021-02-051,Jawsh 685 x Jason Derulo,,Savage Love (Laxed - Siren Beat),171000,true
2021-02-052,H.E.R.,Back of My Mind,Damage,227000,false
2021-02-053,Darius Rucker,Beers And Sunshine (Summer Mix),Beers And Sunshine,179000,false
2021-02-054,Megan Thee Stallion Featuring DaBaby,Good News,Cry Baby,137000,true
2021-02-055,Ritt Momney,Put Your Records On,Put Your Records On,210000,false
2021-02-056,Parmalee x Blanco Brown,For You,Just The Way,193000,false
2021-02-057,Juice WRLD & Young Thug,Bad Boy,Bad Boy,157000,true
2021-02-058,Luke Bryan,Born Here Live Here Die Here,Down To One,222000,false
2021-02-059,Thomas Rhett,Country Again (Side A),What's Your Country Song,171000,false
2021-02-060,SpotemGottem Featuring Pooh Shiesty Or DaBaby,Beat Box 4,Beat Box,212000,true
2021-02-061,Saweetie Featuring Jhene Aiko,Back to the Streets (feat. Jhené Aiko),Back To The Streets,189000,true
2021-02-062,Billie Eilish & ROSALIA,Lo Vas A Olvidar,Lo Vas A Olvidar,203000,false
2021-02-063,Jack Harlow,Tyler Herro,Tyler Herro,156000,true
2021-02-064,Gabby Barrett,The Good Ones,The Good Ones,213000,false
2021-02-065,Harry Styles,Fine Line,Golden,208000,false
2021-02-066,Luke Combs,What You See Ain't Always What You Get (Deluxe Edition),Forever After All,232000,false
2021-02-067,Erica Banks,Buss It,Buss It,187000,true
2021-02-068,Florida Georgia Line,Life Rolls On (Deluxe),Long Live,152000,false
2021-02-069,All Time Low Featuring Demi Lovato & blackbear ,"Wake Up, Sunshine",Monsters,174000,true
2021-02-070,Shawn Mendes & Justin Bieber,Monster,Monster,179000,false
2021-02-071,Lil Nas X,HOLIDAY,Holiday,154000,true
2021-02-072,Morgan Wallen,Still Goin Down,Still Goin Down,186000,false
2021-02-073,Travis Scott & HVME,Water (Remix),Goosebumps,200000,false
2021-02-074,Morgan Wallen,Cover Me Up,Cover Me Up,292000,false
2021-02-075,Karol G,BICHOTA,Bichota,178000,true
2021-02-076,Morgan Wallen,Dangerous: The Double Album (Bonus),Warning,156000,false
2021-02-077,Morgan Wallen,Dangerous: The Double Album (Bonus),865,190000,false
2021-02-078,Jason Derulo,Take You Dancing,Take You Dancing,190000,false
2021-02-079,The Kid LAROI,F*CK LOVE 3+: OVER YOU,So Done,126000,false
2021-02-080,21 Savage & Metro Boomin Featuring Drake,SAVAGE MODE II,Mr. Right Now,193000,true
2021-02-081,Miley Cyrus Featuring Dua Lipa,Plastic Hearts,Prisoner,169000,false
2021-02-082,Chris Lane,"Big, Big Plans","Big, Big Plans",187000,false
2021-02-083,SZA Featuring Ty Dolla $ign,"Hit Different (feat. Ty Dolla $ign, The Neptunes & Pharrell Williams)",Hit Different,202000,true
2021-02-084,Lil Durk & King Von,The Voice (Deluxe),Still Trappin',172000,true
2021-02-085,Black Eyed Peas X Shakira,Translation,Girl Like Me,220000,true
2021-02-086,Brett Young,Weekends Look A Little Different These Days,Lady,193000,false
2021-02-087,Dustin Lynch,Tullahoma,Momma's House,220000,false
2021-02-088,DDG,Die 4 Respect,Moonwalking In Calabasas,170000,true
2021-02-089,Tenille Arts,"Love,Heartbreak, & Everything in Between",Somebody Like That,198000,false
2021-02-090,Eric Church,Hell Of A View,Hell Of A View,175000,false
2021-02-091,Glass Animals,Dreamland,Heat Waves,239000,false
2021-02-092,DaBaby,Masterpiece,Masterpiece,180000,true
2021-02-093,Lady A,Champagne Night (From Songland),Champagne Night,185000,false
2021-02-094,Future & Lil Uzi Vert,Pluto x Baby Pluto,Drankin N Smokin,213000,true
2021-02-095,VEDO,You Got It,You Got It,203000,true
2021-02-096,Keith Urban Duet With P!nk,THE SPEED OF NOW Part 1,One Too Many,203000,false
2021-02-097,YBN Nahmir Featuring 21 Savage,Opp Stoppa (feat. 21 Savage),Opp Stoppa,135000,true
2021-02-098,YoungBoy Never Broke Again,Top,Kacey Talk,151000,true
2021-02-099,Popp Hunna,Adderall (Corvette Corvette),Adderall (Corvette Corvette),136000,true
2021-02-100,Anuel AA & Ozuna,Los Dioses,Antes,206000,false
2021-03-001,Olivia Rodrigo,SOUR,Drivers License,242000,true
2021-03-002,Cardi B,AM I THE DRAMA?,Up,156000,true
2021-03-003,Chris Brown & Young Thug,Slime & B,Go Crazy,176000,true
2021-03-004,Ariana Grande Feat. Doja Cat & Megan Thee Stallion,34+35 (Remix),34+35,182000,true
2021-03-005,The Weeknd,After Hours,Blinding Lights,200000,false
2021-03-006,The Weeknd & Ariana Grande,After Hours,Save Your Tears,215000,false
2021-03-007,24kGoldn Featuring iann dior,El Dorado,Mood,140000,true
2021-03-008,Lil Tjay Featuring 6LACK,Calling My Phone,Calling My Phone,205000,true
2021-03-009,Ariana Grande,Positions,Positions,172000,false
2021-03-010,Dua Lipa,Future Nostalgia,Levitating,203000,false
2021-03-011,Pop Smoke,Shoot For The Stars Aim For The Moon (Deluxe),What You Know Bout Love,160000,false
2021-03-012,Billie Eilish,Happier Than Ever,Therefore I Am,174000,false
2021-03-013,Pooh Shiesty Featuring Lil Durk,Back In Blood (feat. Lil Durk),Back In Blood,184000,true
2021-03-014,CJ,Whoopty,Whoopty,123000,false
2021-03-015,Pop Smoke Featuring Lil Baby & DaBaby,Shoot For The Stars Aim For The Moon,For The Night,190000,true
2021-03-016,Bad Bunny & Jhay Cortez,DÁKITI,Dakiti,205000,true
2021-03-017,SZA,Good Days,Good Days,279000,true
2021-03-018,Gabby Barrett Featuring Charlie Puth,I Hope,I Hope,209000,false
2021-03-019,Yung Bleu Featuring Drake,Moon Boy,You're Mines Still,226000,false
2021-03-020,Luke Combs,What You See Is What You Get,Better Together,219000,false
2021-03-021,Tate McRae,you broke me first,You Broke Me First.,169000,true
2021-03-022,Doja Cat,Hot Pink,Streets,229000,true
2021-03-023,Lil Baby,All On Me,On Me,219000,true
2021-03-024,Machine Gun Kelly X blackbear,Tickets To My Downfall,My Ex's Best Friend,138000,true
2021-03-025,Niko Moon,GOOD TIME,Good Time,215000,false
2021-03-026,BRS Kash,Kash Only,Throat Baby (Go Baby),211000,true
2021-03-027,Justin Bieber Featuring Chance The Rapper,Holy,Holy,212000,false
2021-03-028,Saweetie Featuring Doja Cat,Best Friend (feat. Doja Cat),Best Friend,155000,true
2021-03-029,Taylor Swift,evermore (deluxe version),Willow,214000,false
2021-03-030,Justin Bieber & benny blanco,Lonely,Lonely,149000,true
2021-03-031,AJR,Bang!,Bang!,171000,false
2021-03-032,Coi Leray Featuring Lil Durk,No More Parties (Remix),No More Parties,198000,true
2021-03-033,Justin Bieber,Justice,Anyone,190000,false
2021-03-034,Internet Money & Gunna Featuring Don Toliver & NAV,B4 The Storm,Lemonade,195000,true
2021-03-035,Parmalee x Blanco Brown,For You,Just The Way,193000,false
2021-03-036,Ritt Momney,Put Your Records On,Put Your Records On,210000,false
2021-03-037,Luke Bryan,Born Here Live Here Die Here,Down To One,222000,false
2021-03-038,The Kid LAROI,F*CK LOVE 3+: OVER YOU,Without You,161000,true
2021-03-039,Drake Featuring Lil Durk,Laugh Now Cry Later,Laugh Now Cry Later,261000,true
2021-03-040,Chris Stapleton,Starting Over,Starting Over,240000,false
2021-03-041,Megan Thee Stallion,Good News,Body,171000,true
2021-03-042,Megan Thee Stallion Featuring DaBaby,Good News,Cry Baby,137000,true
2021-03-043,Moneybagg Yo,A Gangsta’s Pain,Time Today,136000,true
2021-03-044,Thomas Rhett,Country Again (Side A),What's Your Country Song,171000,false
2021-03-045,H.E.R.,Back of My Mind,Damage,227000,false
2021-03-046,Darius Rucker,Beers And Sunshine (Summer Mix),Beers And Sunshine,179000,false
2021-03-047,SpotemGottem Featuring Pooh Shiesty Or DaBaby,Beat Box 4,Beat Box,212000,true
2021-03-048,Gabby Barrett,The Good Ones,The Good Ones,213000,false
2021-03-049,Dua Lipa,Future Nostalgia (The Moonlight Edition),We're Good,165000,false
2021-03-050,BTS,Dynamite (NightTime Version),Dynamite,199000,false
2021-03-051,Erica Banks,Buss It,Buss It,187000,true
2021-03-052,Morgan Wallen,Dangerous: The Double Album,Wasted On You,178000,false
2021-03-053,NF,CLOUDS (THE MIXTAPE),Clouds,243000,false
2021-03-054,Kali Uchis,Sin Miedo (del Amor y Otros Demonios) ∞,Telepatia,160000,false
2021-03-055,All Time Low Featuring Demi Lovato & blackbear ,"Wake Up, Sunshine",Monsters,174000,true
2021-03-056,Travis Scott & HVME,Water (Remix),Goosebumps,200000,false
2021-03-057,Harry Styles,Fine Line,Golden,208000,false
2021-03-058,Bad Bunny & Rosalia,EL ÚLTIMO TOUR DEL MUNDO,La Noche de Anoche,203000,false
2021-03-059,Ava Max,Heaven & Hell,My Head And My Heart,174000,false
2021-03-060,Florida Georgia Line,Life Rolls On (Deluxe),Long Live,152000,false
2021-03-061,Ariana Grande,Positions (Deluxe),Test Drive,122000,false
2021-03-062,Masked Wolf,Astronaut In The Ocean,Astronaut In The Ocean,132000,true
2021-03-063,Giveon,TAKE TIME,Heartbreak Anniversary,198000,false
2021-03-064,Morgan Wallen,Dangerous: The Double Album,Sand In My Boots,202000,false
2021-03-065,Glass Animals,Dreamland,Heat Waves,239000,false
2021-03-066,Brett Young,Weekends Look A Little Different These Days,Lady,193000,false
2021-03-067,Lil Yachty Featuring Kodak Black,Hit Bout It,Hit Bout It,177000,true
2021-03-068,Luke Combs,What You See Ain't Always What You Get (Deluxe Edition),Forever After All,232000,false
2021-03-069,Kelsea Ballerini,hole in the bottle (with Shania Twain),Hole In The Bottle,156000,false
2021-03-070,Jack Harlow,Tyler Herro,Tyler Herro,156000,true
2021-03-071,Black Eyed Peas X Shakira,Translation,Girl Like Me,220000,true
2021-03-072,Lil Durk Featuring Lil Baby,The Voice (Deluxe),Finesse Out The Gang Way,186000,true
2021-03-073,Eric Church,Hell Of A View,Hell Of A View,175000,false
2021-03-074,Jason Derulo Featuring Adam Levine,Lifestyle (feat. Adam Levine),Lifestyle,153000,true
2021-03-075,Dustin Lynch,Tullahoma,Momma's House,220000,false
2021-03-076,DaBaby,Masterpiece,Masterpiece,180000,true
2021-03-077,Tenille Arts,"Love,Heartbreak, & Everything in Between",Somebody Like That,198000,false
2021-03-078,YBN Nahmir Featuring 21 Savage,Opp Stoppa (feat. 21 Savage),Opp Stoppa,135000,true
2021-03-079,Pooh Shiesty Featuring BIG30,Neighbors (feat. BIG30),Neighbors,171000,true
2021-03-080,Morgan Wallen,Dangerous: The Double Album (Bonus),Somebody's Problem,161000,false
2021-03-081,VEDO,You Got It,You Got It,203000,true
2021-03-082,Myke Towers & Juhn,Bandido,Bandido,232000,false
2021-03-083,DDG,Die 4 Respect,Moonwalking In Calabasas,170000,true
2021-03-084,Future & Lil Uzi Vert,Pluto x Baby Pluto,Drankin N Smokin,213000,true
2021-03-085,Keith Urban Duet With P!nk,THE SPEED OF NOW Part 1,One Too Many,203000,false
2021-03-086,Lil Durk & King Von,The Voice (Deluxe),Still Trappin',172000,true
2021-03-087,Morray,Street Sermons,Quicksand,224000,true
2021-03-088,Clinton Kane,CHICKEN TENDIES,Chicken Tendies,196000,false
2021-03-089,Jazmine Sullivan,Heaux Tales,Pick Up Your Feelings,232000,false
2021-03-090,6ix9ine,Day69: Graduation Day,ZaZa,112000,true
2021-03-091,Jordan Davis,Buy Dirt,Almost Maybes,179000,false
2021-03-092,Jake Owen,Greetings From...Jake,Made For You,238000,false
2021-03-093,Dan + Shay,Glad You Exist,Glad You Exist,144000,false
2021-03-094,Ed Sheeran,Afterglow,Afterglow,185000,false
2021-03-095,Morgan Wallen,Cover Me Up,Cover Me Up,292000,false
2021-03-096,Tiesto,The Business,The Business,164000,false
2021-03-097,Pop Smoke Featuring A Boogie Wit da Hoodie,Shoot For The Stars Aim For The Moon (Deluxe),Hello,190000,true
2021-03-098,Shawn Mendes & Justin Bieber,Monster,Monster,179000,false
2021-03-099,Mooski,Track Star,Track Star,199000,true
2021-03-100,Giveon,When It's All Said And Done... Take Time,Like I Want You,260000,false
2021-04-001,Justin Bieber Featuring Daniel Caesar & Giveon,Justice,Peaches,198000,true
2021-04-002,Cardi B,AM I THE DRAMA?,Up,156000,true
2021-04-003,Silk Sonic (Bruno Mars & Anderson .Paak),An Evening With Silk Sonic,Leave The Door Open,242000,false
2021-04-004,Olivia Rodrigo,SOUR,Drivers License,242000,true
2021-04-005,The Weeknd & Ariana Grande,After Hours,Save Your Tears,215000,false
2021-04-006,The Weeknd,After Hours,Blinding Lights,200000,false
2021-04-007,Dua Lipa,Future Nostalgia,Levitating,203000,false
2021-04-008,Drake,Scary Hours 2,What's Next,178000,true
2021-04-009,Pop Smoke,Shoot For The Stars Aim For The Moon (Deluxe),What You Know Bout Love,160000,false
2021-04-010,24kGoldn Featuring iann dior,El Dorado,Mood,140000,true
2021-04-011,Ariana Grande Feat. Doja Cat & Megan Thee Stallion,34+35 (Remix),34+35,182000,true
2021-04-012,Chris Brown & Young Thug,Slime & B,Go Crazy,176000,true
2021-04-013,Pooh Shiesty Featuring Lil Durk,Back In Blood (feat. Lil Durk),Back In Blood,184000,true
2021-04-014,Lil Tjay Featuring 6LACK,Calling My Phone,Calling My Phone,205000,true
2021-04-015,Billie Eilish,Happier Than Ever,Therefore I Am,174000,false
2021-04-016,Justin Bieber,Justice,Anyone,190000,false
2021-04-017,Masked Wolf,Astronaut In The Ocean,Astronaut In The Ocean,132000,true
2021-04-018,Yung Bleu Featuring Drake,Moon Boy,You're Mines Still,226000,false
2021-04-019,Drake Featuring Lil Baby,Scary Hours 2,Wants And Needs,192000,true
2021-04-020,Justin Bieber,Justice,Hold On,170000,false
2021-04-021,Ariana Grande,Positions,Positions,172000,false
2021-04-022,Tate McRae,you broke me first,You Broke Me First.,169000,true
2021-04-023,SpotemGottem Featuring Pooh Shiesty Or DaBaby,Beat Box 4,Beat Box,212000,true
2021-04-024,Saweetie Featuring Doja Cat,Best Friend (feat. Doja Cat),Best Friend,155000,true
2021-04-025,Lil Baby,All On Me,On Me,219000,true
2021-04-026,BTS,Dynamite (NightTime Version),Dynamite,199000,false
2021-04-027,Doja Cat,Hot Pink,Streets,229000,true
2021-04-028,Bad Bunny & Jhay Cortez,DÁKITI,Dakiti,205000,true
2021-04-029,Giveon,TAKE TIME,Heartbreak Anniversary,198000,false
2021-04-030,Coi Leray Featuring Lil Durk,No More Parties (Remix),No More Parties,198000,true
2021-04-031,Machine Gun Kelly X blackbear,Tickets To My Downfall,My Ex's Best Friend,138000,true
2021-04-032,Rod Wave,SoulFly,Street Runner,252000,true
2021-04-033,Pop Smoke Featuring Lil Baby & DaBaby,Shoot For The Stars Aim For The Moon,For The Night,190000,true
2021-04-034,SZA,Good Days,Good Days,279000,true
2021-04-035,Thomas Rhett,Country Again (Side A),What's Your Country Song,171000,false
2021-04-036,The Kid LAROI,F*CK LOVE 3+: OVER YOU,Without You,161000,true
2021-04-037,Gabby Barrett,The Good Ones,The Good Ones,213000,false
2021-04-038,CJ,Whoopty,Whoopty,123000,false
2021-04-039,Ritt Momney,Put Your Records On,Put Your Records On,210000,false
2021-04-040,Maroon 5 Featuring Megan Thee Stallion,JORDI (Deluxe),Beautiful Mistakes,227000,false
2021-04-041,Chris Stapleton,Starting Over,Starting Over,240000,false
2021-04-042,"Lil Tjay, Polo G & Fivio Foreign",Destined 2 Win,Headshot,144000,true
2021-04-043,Justin Bieber Featuring Khalid,Justice,As I Am,174000,false
2021-04-044,Kali Uchis,Sin Miedo (del Amor y Otros Demonios) ∞,Telepatia,160000,false
2021-04-045,Megan Thee Stallion Featuring DaBaby,Good News,Cry Baby,137000,true
2021-04-046,Parmalee x Blanco Brown,For You,Just The Way,193000,false
2021-04-047,Luke Combs,What You See Is What You Get,Better Together,219000,false
2021-04-048,Ava Max,Heaven & Hell,My Head And My Heart,174000,false
2021-04-049,Niko Moon,GOOD TIME,Good Time,215000,false
2021-04-050,Taylor Swift,evermore (deluxe version),Willow,214000,false
2021-04-051,Dua Lipa,Future Nostalgia (The Moonlight Edition),We're Good,165000,false
2021-04-052,Brett Young,Weekends Look A Little Different These Days,Lady,193000,false
2021-04-053,Mooski,Track Star,Track Star,199000,true
2021-04-054,Florida Georgia Line,Life Rolls On (Deluxe),Long Live,152000,false
2021-04-055,Moneybagg Yo,A Gangsta’s Pain,Time Today,136000,true
2021-04-056,Drake Featuring Rick Ross,Scary Hours 2,Lemon Pepper Freestyle,383000,true
2021-04-057,Glass Animals,Dreamland,Heat Waves,239000,false
2021-04-058,H.E.R.,Back of My Mind,Damage,227000,false
2021-04-059,Travis Scott & HVME,Water (Remix),Goosebumps,200000,false
2021-04-060,Luke Bryan,Born Here Live Here Die Here,Down To One,222000,false
2021-04-061,Luke Combs,What You See Ain't Always What You Get (Deluxe Edition),Forever After All,232000,false
2021-04-062,Justin Bieber Featuring The Kid LAROI,Justice,Unstable,158000,false
2021-04-063,Dustin Lynch,Tullahoma,Momma's House,220000,false
2021-04-064,Justin Bieber,Justice,Off My Face,156000,false
2021-04-065,Eric Church,Hell Of A View,Hell Of A View,175000,false
2021-04-066,Justin Bieber,Justice,Ghost,153000,false
2021-04-067,Tenille Arts,"Love,Heartbreak, & Everything in Between",Somebody Like That,198000,false
2021-04-068,Justin Bieber,Justice,2 Much,152000,false
2021-04-069,Lil Baby Featuring EST Gee,Real As It Gets,Real As It Gets,193000,true
2021-04-070,All Time Low Featuring Demi Lovato & blackbear ,"Wake Up, Sunshine",Monsters,174000,true
2021-04-071,Megan Thee Stallion,Good News,Body,171000,true
2021-04-072,Erica Banks,Buss It,Buss It,187000,true
2021-04-073,Bad Bunny & Rosalia,EL ÚLTIMO TOUR DEL MUNDO,La Noche de Anoche,203000,false
2021-04-074,DaBaby,Masterpiece,Masterpiece,180000,true
2021-04-075,Tiesto,The Business,The Business,164000,false
2021-04-076,Justin Bieber,Justice,Deserve You,187000,false
2021-04-077,Morgan Wallen,Dangerous: The Double Album,Wasted On You,178000,false
2021-04-078,Jake Owen,Greetings From...Jake,Made For You,238000,false
2021-04-079,Sam Hunt,SOUTHSIDE,Breaking Up Was Easy In The 90's,215000,false
2021-04-080,Morray,Street Sermons,Quicksand,224000,true
2021-04-081,Justin Bieber Featuring Dominic Fike,Justice,Die For You,198000,false
2021-04-082,Rod Wave,SoulFly,Tombstone,160000,false
2021-04-083,Jazmine Sullivan,Heaux Tales,Pick Up Your Feelings,232000,false
2021-04-084,Justin Bieber Featuring BEAM,Justice,Love You Different,186000,false
2021-04-085,Dan + Shay,Glad You Exist,Glad You Exist,144000,false
2021-04-086,Jordan Davis,Buy Dirt,Almost Maybes,179000,false
2021-04-087,Justin Bieber Featuring Burna Boy,Justice,Loved By You,159000,false
2021-04-088,VEDO,You Got It,You Got It,203000,true
2021-04-089,Black Eyed Peas X Shakira,Translation,Girl Like Me,220000,true
2021-04-090,Keith Urban Duet With P!nk,THE SPEED OF NOW Part 1,One Too Many,203000,false
2021-04-091,Justin Bieber,My Worlds (International Version),Somebody,220000,false
2021-04-092,Pop Smoke Featuring A Boogie Wit da Hoodie,Shoot For The Stars Aim For The Moon (Deluxe),Hello,190000,true
2021-04-093,Dylan Scott,Nothing To Do Town,Nobody,162000,false
2021-04-094,Chris Young + Kane Brown,Famous Friends,Famous Friends,166000,false
2021-04-095,Miranda Lambert,Wildcard,Settling Down,197000,false
2021-04-096,Morgan Wallen,Dangerous: The Double Album,Sand In My Boots,202000,false
2021-04-097,Pooh Shiesty Featuring BIG30,Neighbors (feat. BIG30),Neighbors,171000,true
2021-04-098,Myke Towers & Juhn,Bandido,Bandido,232000,false
2021-04-099,Future & Lil Uzi Vert,Pluto x Baby Pluto,Drankin N Smokin,213000,true
2021-04-100,Darius Rucker,Beers And Sunshine (Summer Mix),Beers And Sunshine,179000,false
2021-05-001,Polo G,Hall of Fame,Rapstar,166000,true
2021-05-002,Silk Sonic (Bruno Mars & Anderson .Paak),An Evening With Silk Sonic,Leave The Door Open,242000,false
2021-05-003,Justin Bieber Featuring Daniel Caesar & Giveon,Justice,Peaches,198000,true
2021-05-004,Lil Nas X,MONTERO (Call Me By Your Name),Montero (Call Me By Your Name),137000,true
2021-05-005,Dua Lipa,Future Nostalgia,Levitating,203000,false
2021-05-006,The Weeknd & Ariana Grande,After Hours,Save Your Tears,215000,false
2021-05-007,Masked Wolf,Astronaut In The Ocean,Astronaut In The Ocean,132000,true
2021-05-008,Doja Cat Featuring SZA,Planet Her,Kiss Me More,208000,true
2021-05-009,Cardi B,AM I THE DRAMA?,Up,156000,true
2021-05-010,Olivia Rodrigo,SOUR,Drivers License,242000,true
2021-05-011,Olivia Rodrigo,SOUR,Deja Vu,215000,true
2021-05-012,Young Thug & Gunna Featuring Drake,Slime Language 2,Solid,215000,true
2021-05-013,The Weeknd,After Hours,Blinding Lights,200000,false
2021-05-014,SpotemGottem Featuring Pooh Shiesty Or DaBaby,Beat Box 4,Beat Box,212000,true
2021-05-015,Saweetie Featuring Doja Cat,Best Friend (feat. Doja Cat),Best Friend,155000,true
2021-05-016,Lil Tjay Featuring 6LACK,Calling My Phone,Calling My Phone,205000,true
2021-05-017,Pop Smoke,Shoot For The Stars Aim For The Moon (Deluxe),What You Know Bout Love,160000,false
2021-05-018,Young Thug & Gunna,Slime Language 2,Ski,152000,true
2021-05-019,24kGoldn Featuring iann dior,El Dorado,Mood,140000,true
2021-05-020,Giveon,TAKE TIME,Heartbreak Anniversary,198000,false
2021-05-021,Gabby Barrett,The Good Ones,The Good Ones,213000,false
2021-05-022,Maroon 5 Featuring Megan Thee Stallion,JORDI (Deluxe),Beautiful Mistakes,227000,false
2021-05-023,Pooh Shiesty Featuring Lil Durk,Back In Blood (feat. Lil Durk),Back In Blood,184000,true
2021-05-024,Chris Brown & Young Thug,Slime & B,Go Crazy,176000,true
2021-05-025,Tate McRae,you broke me first,You Broke Me First.,169000,true
2021-05-026,Ariana Grande Feat. Doja Cat & Megan Thee Stallion,34+35 (Remix),34+35,182000,true
2021-05-027,Machine Gun Kelly X blackbear,Tickets To My Downfall,My Ex's Best Friend,138000,true
2021-05-028,Drake,Scary Hours 2,What's Next,178000,true
2021-05-029,Bad Bunny & Jhay Cortez,DÁKITI,Dakiti,205000,true
2021-05-030,Billie Eilish,Happier Than Ever,Therefore I Am,174000,false
2021-05-031,The Kid LAROI,F*CK LOVE 3+: OVER YOU,Without You,161000,true
2021-05-032,Lil Baby,All On Me,On Me,219000,true
2021-05-033,Ariana Grande,Positions,Positions,172000,false
2021-05-034,Yung Bleu Featuring Drake,Moon Boy,You're Mines Still,226000,false
2021-05-035,Luke Combs,What You See Ain't Always What You Get (Deluxe Edition),Forever After All,232000,false
2021-05-036,Drake Featuring Lil Baby,Scary Hours 2,Wants And Needs,192000,true
2021-05-037,Mooski,Track Star,Track Star,199000,true
2021-05-038,Dua Lipa,Future Nostalgia (The Moonlight Edition),We're Good,165000,false
2021-05-039,Glass Animals,Dreamland,Heat Waves,239000,false
2021-05-040,Pop Smoke Featuring Lil Baby & DaBaby,Shoot For The Stars Aim For The Moon,For The Night,190000,true
2021-05-041,Eric Church,Hell Of A View,Hell Of A View,175000,false
2021-05-042,Jake Owen,Greetings From...Jake,Made For You,238000,false
2021-05-043,Coi Leray Featuring Lil Durk,No More Parties (Remix),No More Parties,198000,true
2021-05-044,SZA,Good Days,Good Days,279000,true
2021-05-045,Chris Stapleton,Starting Over,Starting Over,240000,false
2021-05-046,Young Thug & Gunna Featuring Travis Scott,Slime Language 2,Diamonds Dancing,242000,true
2021-05-047,Travis Scott & HVME,Water (Remix),Goosebumps,200000,false
2021-05-048,Rod Wave,SoulFly,Tombstone,160000,false
2021-05-049,Sam Hunt,SOUTHSIDE,Breaking Up Was Easy In The 90's,215000,false
2021-05-050,Tenille Arts,"Love,Heartbreak, & Everything in Between",Somebody Like That,198000,false
2021-05-051,Doja Cat,Hot Pink,Streets,229000,true
2021-05-052,Thomas Rhett,Country Again (Side A),What's Your Country Song,171000,false
2021-05-053,Moneybagg Yo,A Gangsta’s Pain,Time Today,136000,true
2021-05-054,Kali Uchis,Sin Miedo (del Amor y Otros Demonios) ∞,Telepatia,160000,false
2021-05-055,Megan Thee Stallion Featuring DaBaby,Good News,Cry Baby,137000,true
2021-05-056,Justin Bieber,Justice,Hold On,170000,false
2021-05-057,Rod Wave,SoulFly,Street Runner,252000,true
2021-05-058,Parmalee x Blanco Brown,For You,Just The Way,193000,false
2021-05-059,Young Thug Featuring Lil Uzi Vert & Yung Kayo,Slime Language 2,Proud Of You,211000,true
2021-05-060,Taylor Swift,evermore (deluxe version),Willow,214000,false
2021-05-061,H.E.R.,Back of My Mind,Damage,227000,false
2021-05-062,Rod Wave Featuring Polo G,SoulFly (Deluxe Version),Richer,190000,true
2021-05-063,Dan + Shay,Glad You Exist,Glad You Exist,144000,false
2021-05-064,Bad Bunny & Rosalia,EL ÚLTIMO TOUR DEL MUNDO,La Noche de Anoche,203000,false
2021-05-065,Miranda Lambert,Wildcard,Settling Down,197000,false
2021-05-066,Young Thug Featuring Rowdy Rebel,Slime Language 2,Came And Saw,174000,true
2021-05-067,"Lil Tjay, Polo G & Fivio Foreign",Destined 2 Win,Headshot,144000,true
2021-05-068,Justin Bieber,Justice,Anyone,190000,false
2021-05-069,Luke Bryan,Born Here Live Here Die Here,Down To One,222000,false
2021-05-070,Brett Young,Weekends Look A Little Different These Days,Lady,193000,false
2021-05-071,Morray,Street Sermons,Quicksand,224000,true
2021-05-072,Keith Urban Duet With P!nk,THE SPEED OF NOW Part 1,One Too Many,203000,false
2021-05-073,Chris Young + Kane Brown,Famous Friends,Famous Friends,166000,false
2021-05-074,Dierks Bentley,Gone,Gone,205000,false
2021-05-075,Ava Max,Heaven & Hell,My Head And My Heart,174000,false
2021-05-076,Jordan Davis,Buy Dirt,Almost Maybes,179000,false
2021-05-077,Young Thug & Gunna Featuring Lil Baby & YTB Trench,Slime Language 2,Paid The Fine,201000,true
2021-05-078,Tiesto,The Business,The Business,164000,false
2021-05-079,Elle King & Miranda Lambert,Drunk (And I Don't Wanna Go Home),Drunk (And I Don't Wanna Go Home),246000,false
2021-05-080,DaBaby,Masterpiece,Masterpiece,180000,true
2021-05-081,Ariana Grande,Positions,pov,201000,false
2021-05-082,Florida Georgia Line,Life Rolls On (Deluxe),Long Live,152000,false
2021-05-083,Lil Durk,Only The Family - Lil Durk Presents: Loyal Bros,Hellcats & Trackhawks,146000,true
2021-05-084,Imagine Dragons,Follow You / Cutthroat,Follow You,175000,false
2021-05-085,Dustin Lynch,Tullahoma,Momma's House,220000,false
2021-05-086,Dylan Scott,Nothing To Do Town,Nobody,162000,false
2021-05-087,Kevin Gates,Only the Generals Gon Understand,Big Gangsta,243000,true
2021-05-088,Jazmine Sullivan,Heaux Tales,Pick Up Your Feelings,232000,false
2021-05-089,Nelly & Florida Georgia Line,Lil Bit,Lil Bit,195000,true
2021-05-090,Taylor Swift,Mr. Perfectly Fine (Taylor’s Version) (From The Vault),Mr. Perfectly Fine (Taylor's Version) (From The Vault),277000,false
2021-05-091,Ryan Hurd With Maren Morris,Chasing After You,Chasing After You,207000,false
2021-05-092,Morgan Wallen,Dangerous: The Double Album,Wasted On You,178000,false
2021-05-093,Lil Tjay Featuring Offset & Moneybagg Yo,Destined 2 Win,Run It Up,232000,true
2021-05-094,Duncan Laurence,Arcade,Arcade,187000,false
2021-05-095,VEDO,You Got It,You Got It,203000,true
2021-05-096,Moneybagg Yo Featuring BIG30,A Gangsta’s Pain,Go!,124000,true
2021-05-097,Future & Lil Uzi Vert,Pluto x Baby Pluto,Drankin N Smokin,213000,true
2021-05-098,All Time Low Featuring Demi Lovato & blackbear ,"Wake Up, Sunshine",Monsters,174000,true
2021-05-099,Young Thug & Gunna Featuring Yak Gotti & Lil Duke,Slime Language 2,Slatty,290000,true
2021-05-100,42 Dugg & Roddy Ricch,Free Dem Boyz,4 Da Gang,156000,true
2021-06-001,BTS,"Butter (Hotter, Sweeter, Cooler)",Butter,164000,false
2021-06-002,Olivia Rodrigo,SOUR,Good 4 U,178000,true
2021-06-003,Olivia Rodrigo,SOUR,Deja Vu,215000,true
2021-06-004,Dua Lipa,Future Nostalgia,Levitating,203000,false
2021-06-005,Silk Sonic (Bruno Mars & Anderson .Paak),An Evening With Silk Sonic,Leave The Door Open,242000,false
2021-06-006,Justin Bieber Featuring Daniel Caesar & Giveon,Justice,Peaches,198000,true
2021-06-007,The Weeknd & Ariana Grande,After Hours,Save Your Tears,215000,false
2021-06-008,Doja Cat Featuring SZA,Planet Her,Kiss Me More,208000,true
2021-06-009,Olivia Rodrigo,SOUR,Traitor,229000,false
2021-06-010,Masked Wolf,Astronaut In The Ocean,Astronaut In The Ocean,132000,true
2021-06-011,Olivia Rodrigo,SOUR,Drivers License,242000,true
2021-06-012,Olivia Rodrigo,SOUR,Brutal,144000,true
2021-06-013,Lil Nas X,MONTERO (Call Me By Your Name),Montero (Call Me By Your Name),137000,true
2021-06-014,Olivia Rodrigo,SOUR,Enough For You,203000,false
2021-06-015,Olivia Rodrigo,SOUR,Happier,176000,true
2021-06-016,The Kid LAROI,F*CK LOVE 3+: OVER YOU,Without You,161000,true
2021-06-017,Polo G,Hall of Fame,Rapstar,166000,true
2021-06-018,Olivia Rodrigo,SOUR,Favorite Crime,153000,false
2021-06-019,Olivia Rodrigo,SOUR,"1 Step Forward, 3 Steps Back",164000,true
2021-06-020,Luke Combs,What You See Ain't Always What You Get (Deluxe Edition),Forever After All,232000,false
2021-06-021,"J. Cole, 21 Savage & Morray",The Off-Season,my.life,218000,true
2021-06-022,The Weeknd,After Hours,Blinding Lights,200000,false
2021-06-023,Maroon 5 Featuring Megan Thee Stallion,JORDI (Deluxe),Beautiful Mistakes,227000,false
2021-06-024,Olivia Rodrigo,SOUR,"Jealousy, Jealousy",173000,false
2021-06-025,Lil Tjay Featuring 6LACK,Calling My Phone,Calling My Phone,205000,true
2021-06-026,J. Cole & Lil Baby,The Off-Season,my.life,218000,true
2021-06-027,Saweetie Featuring Doja Cat,Best Friend (feat. Doja Cat),Best Friend,155000,true
2021-06-028,Cardi B,AM I THE DRAMA?,Up,156000,true
2021-06-029,Olivia Rodrigo,SOUR,Hope Ur OK,209000,false
2021-06-030,Giveon,TAKE TIME,Heartbreak Anniversary,198000,false
2021-06-031,SpotemGottem Featuring Pooh Shiesty Or DaBaby,Beat Box 4,Beat Box,212000,true
2021-06-032,Mooski,Track Star,Track Star,199000,true
2021-06-033,Polo G & Lil Wayne,Hall of Fame,Gang Gang,178000,true
2021-06-034,DJ Khaled Featuring Lil Baby & Lil Durk,KHALED KHALED,Every Chance I Get,236000,true
2021-06-035,24kGoldn Featuring iann dior,El Dorado,Mood,140000,true
2021-06-036,Moneybagg Yo,A Gangsta’s Pain,Wockesha,180000,true
2021-06-037,Glass Animals,Dreamland,Heat Waves,239000,false
2021-06-038,Pooh Shiesty Featuring Lil Durk,Back In Blood (feat. Lil Durk),Back In Blood,184000,true
2021-06-039,Machine Gun Kelly X blackbear,Tickets To My Downfall,My Ex's Best Friend,138000,true
2021-06-040,Eric Church,Hell Of A View,Hell Of A View,175000,false
2021-06-041,J. Cole,The Off-Season,amari,148000,true
2021-06-042,Gabby Barrett,The Good Ones,The Good Ones,213000,false
2021-06-043,Pop Smoke,Shoot For The Stars Aim For The Moon (Deluxe),What You Know Bout Love,160000,false
2021-06-044,Kali Uchis,Sin Miedo (del Amor y Otros Demonios) ∞,Telepatia,160000,false
2021-06-045,Ariana Grande,Positions,pov,201000,false
2021-06-046,Drake Featuring Lil Baby,Scary Hours 2,Wants And Needs,192000,true
2021-06-047,Sam Hunt,SOUTHSIDE,Breaking Up Was Easy In The 90's,215000,false
2021-06-048,"Nicki Minaj, Drake & Lil Wayne",Beam Me Up Scotty,Seeing Green,339000,true
2021-06-049,Lil Baby,All On Me,On Me,219000,true
2021-06-050,Dylan Scott,Nothing To Do Town,Nobody,162000,false
2021-06-051,City Girls,Twerkulator,Twerkulator,138000,true
2021-06-052,Chris Young + Kane Brown,Famous Friends,Famous Friends,166000,false
2021-06-053,Moneybagg Yo,A Gangsta’s Pain,Time Today,136000,true
2021-06-054,Dua Lipa,Future Nostalgia (The Moonlight Edition),We're Good,165000,false
2021-06-055,Dierks Bentley,Gone,Gone,205000,false
2021-06-056,Jordan Davis,Buy Dirt,Almost Maybes,179000,false
2021-06-057,Miranda Lambert,Wildcard,Settling Down,197000,false
2021-06-058,Bella Poarch,Build a Bitch,Build A Bitch,122000,true
2021-06-059,J. Cole,The Off-Season,95.south,197000,true
2021-06-060,Billie Eilish,Happier Than Ever,Your Power,245000,false
2021-06-061,Coi Leray Featuring Lil Durk,No More Parties (Remix),No More Parties,198000,true
2021-06-062,Nelly & Florida Georgia Line,Lil Bit,Lil Bit,195000,true
2021-06-063,Trippie Redd & Playboi Carti,Miss The Rage,Miss The Rage,236000,true
2021-06-064,Young Thug & Gunna,Slime Language 2,Ski,152000,true
2021-06-065,Jake Owen,Greetings From...Jake,Made For You,238000,false
2021-06-066,Lil Nas X,MONTERO,Sun Goes Down,168000,false
2021-06-067,42 Dugg & Roddy Ricch,Free Dem Boyz,4 Da Gang,156000,true
2021-06-068,42 Dugg Featuring Future,Free Dem Boyz,Maybach,199000,true
2021-06-069,Migos,Straightenin,Straightenin,255000,true
2021-06-070,Blake Shelton,Minimum Wage,Minimum Wage,228000,false
2021-06-071,J. Cole,Creed III: The Soundtrack,interlude,95000,false
2021-06-072,J. Cole,The Off-Season,applying.pressure,177000,true
2021-06-073,Drake,Scary Hours 2,What's Next,178000,true
2021-06-074,Keith Urban Duet With P!nk,THE SPEED OF NOW Part 1,One Too Many,203000,false
2021-06-075,Dan + Shay,Glad You Exist,Glad You Exist,144000,false
2021-06-076,Jason Aldean,Blame It On You,Blame It On You,215000,false
2021-06-077,Morray,Street Sermons,Quicksand,224000,true
2021-06-078,Cole Swindell,Single Saturday Night,Single Saturday Night,187000,false
2021-06-079,Doja Cat,Hot Pink,Streets,229000,true
2021-06-080,J. Cole & Bas,A Thousand Years,100.mil',180000,false
2021-06-081,Young Thug & Gunna Featuring Drake,Slime Language 2,Solid,215000,true
2021-06-082,Rod Wave,SoulFly,Tombstone,160000,false
2021-06-083,"J. Cole, Bas & 6LACK",The Off-Season,let.go.my.hand,266000,true
2021-06-084,Travis Scott & HVME,Water (Remix),Goosebumps,200000,false
2021-06-085,Marshmello X Jonas Brothers,Leave Before You Love Me,Leave Before You Love Me,155000,false
2021-06-086,Justin Bieber,Justice,Hold On,170000,false
2021-06-087,P!nk,All I Know So Far,All I Know So Far,277000,true
2021-06-088,Duncan Laurence,Arcade,Arcade,187000,false
2021-06-089,Imagine Dragons,Follow You / Cutthroat,Follow You,175000,false
2021-06-090,Ryan Hurd With Maren Morris,Chasing After You,Chasing After You,207000,false
2021-06-091,Jazmine Sullivan,Heaux Tales,Pick Up Your Feelings,232000,false
2021-06-092,A Boogie Wit da Hoodie Featuring Lil Durk,24 Hours (feat. Lil Durk),24 Hours,205000,true
2021-06-093,Pop Smoke Featuring A Boogie Wit da Hoodie,Shoot For The Stars Aim For The Moon (Deluxe),Hello,190000,true
2021-06-094,AJR,OK ORCHESTRA,Way Less Sad,206000,false
2021-06-095,Future & Lil Uzi Vert,Pluto x Baby Pluto,Drankin N Smokin,213000,true
2021-06-096,Thomas Rhett,Country Again (Side A),Country Again,221000,false
2021-06-097,J. Cole,The Off-Season,punchin'.the.clock,112000,false
2021-06-098,Morgan Wallen,Dangerous: The Double Album,Wasted On You,178000,false
2021-06-099,J. Cole,The Off-Season,the.climb.back,306000,true
2021-06-100,Lainey Wilson,Sayin’ What I’m Thinkin’,Things A Man Oughta Know,203000,false
2021-07-001,BTS,"Butter (Hotter, Sweeter, Cooler)",Butter,164000,false
2021-07-002,Olivia Rodrigo,SOUR,Good 4 U,178000,true
2021-07-003,Dua Lipa,Future Nostalgia,Levitating,203000,false
2021-07-004,Doja Cat Featuring SZA,Planet Her,Kiss Me More,208000,true
2021-07-005,Justin Bieber Featuring Daniel Caesar & Giveon,Justice,Peaches,198000,true
2021-07-006,Silk Sonic (Bruno Mars & Anderson .Paak),An Evening With Silk Sonic,Leave The Door Open,242000,false
2021-07-007,The Weeknd & Ariana Grande,After Hours,Save Your Tears,215000,false
2021-07-008,Lil Nas X,MONTERO (Call Me By Your Name),Montero (Call Me By Your Name),137000,true
2021-07-009,Olivia Rodrigo,SOUR,Deja Vu,215000,true
2021-07-010,Masked Wolf,Astronaut In The Ocean,Astronaut In The Ocean,132000,true
2021-07-011,Polo G,Hall of Fame,Rapstar,166000,true
2021-07-012,Luke Combs,What You See Ain't Always What You Get (Deluxe Edition),Forever After All,232000,false
2021-07-013,Maroon 5 Featuring Megan Thee Stallion,JORDI (Deluxe),Beautiful Mistakes,227000,false
2021-07-014,The Kid LAROI,F*CK LOVE 3+: OVER YOU,Without You,161000,true
2021-07-015,The Weeknd,After Hours,Blinding Lights,200000,false
2021-07-016,Giveon,TAKE TIME,Heartbreak Anniversary,198000,false
2021-07-017,Megan Thee Stallion,Thot Shit,Thot Shit,184000,true
2021-07-018,Saweetie Featuring Doja Cat,Best Friend (feat. Doja Cat),Best Friend,155000,true
2021-07-019,Glass Animals,Dreamland,Heat Waves,239000,false
2021-07-020,Drake Featuring Lil Baby,Scary Hours 2,Wants And Needs,192000,true
2021-07-021,Chris Young + Kane Brown,Famous Friends,Famous Friends,166000,false
2021-07-022,Bad Bunny,Yonaguni,Yonaguni,206000,true
2021-07-023,Olivia Rodrigo,SOUR,Drivers License,242000,true
2021-07-024,Nelly & Florida Georgia Line,Lil Bit,Lil Bit,195000,true
2021-07-025,Kali Uchis,Sin Miedo (del Amor y Otros Demonios) ∞,Telepatia,160000,false
2021-07-026,Dierks Bentley,Gone,Gone,205000,false
2021-07-027,Ariana Grande,Positions,pov,201000,false
2021-07-028,Olivia Rodrigo,SOUR,Traitor,229000,false
2021-07-029,24kGoldn Featuring iann dior,El Dorado,Mood,140000,true
2021-07-030,DJ Khaled Featuring Lil Baby & Lil Durk,KHALED KHALED,Every Chance I Get,236000,true
2021-07-031,Lil Tjay Featuring 6LACK,Calling My Phone,Calling My Phone,205000,true
2021-07-032,Roddy Ricch,late at night,Late At Night,174000,true
2021-07-033,Machine Gun Kelly X blackbear,Tickets To My Downfall,My Ex's Best Friend,138000,true
2021-07-034,Jason Aldean,Blame It On You,Blame It On You,215000,false
2021-07-035,Moneybagg Yo,A Gangsta’s Pain,Wockesha,180000,true
2021-07-036,Rauw Alejandro,Todo De Ti,Todo de Ti,203000,true
2021-07-037,Marshmello X Jonas Brothers,Leave Before You Love Me,Leave Before You Love Me,155000,false
2021-07-038,Pop Smoke,Shoot For The Stars Aim For The Moon (Deluxe),What You Know Bout Love,160000,false
2021-07-039,DaBaby,Ball If I Want To,Ball If I Want To,112000,true
2021-07-040,Moneybagg Yo,A Gangsta’s Pain,Time Today,136000,true
2021-07-041,Miranda Lambert,Wildcard,Settling Down,197000,false
2021-07-042,Olivia Rodrigo,SOUR,Happier,176000,true
2021-07-043,Jordan Davis,Buy Dirt,Almost Maybes,179000,false
2021-07-044,Cardi B,AM I THE DRAMA?,Up,156000,true
2021-07-045,Migos,Straightenin,Straightenin,255000,true
2021-07-046,SpotemGottem Featuring Pooh Shiesty Or DaBaby,Beat Box 4,Beat Box,212000,true
2021-07-047,Olivia Rodrigo,SOUR,Favorite Crime,153000,false
2021-07-048,Dan + Shay,Glad You Exist,Glad You Exist,144000,false
2021-07-049,Migos Featuring Drake,Culture III,Having Our Way,283000,true
2021-07-050,Cole Swindell,Single Saturday Night,Single Saturday Night,187000,false
2021-07-051,Walker Hayes,Fancy Like (feat. Kesha),Fancy Like,161000,false
2021-07-052,"J. Cole, 21 Savage & Morray",The Off-Season,my.life,218000,true
2021-07-053,Mooski,Track Star,Track Star,199000,true
2021-07-054,Olivia Rodrigo,SOUR,Brutal,144000,true
2021-07-055,"Lil Baby, Lil Durk & Travis Scott",The Voice of the Heroes,Hats Off,257000,true
2021-07-056,Young Thug & Gunna,Slime Language 2,Ski,152000,true
2021-07-057,Bella Poarch,Build a Bitch,Build A Bitch,122000,true
2021-07-058,Lainey Wilson,Sayin’ What I’m Thinkin’,Things A Man Oughta Know,203000,false
2021-07-059,AJR,OK ORCHESTRA,Way Less Sad,206000,false
2021-07-060,Sam Hunt,SOUTHSIDE,Breaking Up Was Easy In The 90's,215000,false
2021-07-061,Duncan Laurence,Arcade,Arcade,187000,false
2021-07-062,"Los Legendarios, Wisin & Jhay Cortez",Fiel (Remix),Fiel,349000,true
2021-07-063,Keith Urban Duet With P!nk,THE SPEED OF NOW Part 1,One Too Many,203000,false
2021-07-064,Chase Rice Featuring Florida Georgia Line,Drinkin’ Beer. Talkin’ God. Amen.,Drinkin' Beer. Talkin' God. Amen.,161000,false
2021-07-065,Jake Owen,Greetings From...Jake,Made For You,238000,false
2021-07-066,Doja Cat,Planet Her,Need To Know,210000,true
2021-07-067,Blake Shelton,Minimum Wage,Minimum Wage,228000,false
2021-07-068,Olivia Rodrigo,SOUR,"Jealousy, Jealousy",173000,false
2021-07-069,Dylan Scott,Nothing To Do Town,Nobody,162000,false
2021-07-070,H.E.R. Featuring Chris Brown,Come Through (feat. Chris Brown),Come Through,214000,true
2021-07-071,Regard x Troye Sivan x Tate McRae,,You,353000,true
2021-07-072,Polo G Featuring The Kid LAROI & Lil Durk,Hall of Fame,No Return,168000,true
2021-07-073,Elle King & Miranda Lambert,Drunk (And I Don't Wanna Go Home),Drunk (And I Don't Wanna Go Home),246000,false
2021-07-074,Coi Leray Featuring Lil Durk,No More Parties (Remix),No More Parties,198000,true
2021-07-075,Thomas Rhett,Country Again (Side A),Country Again,221000,false
2021-07-076,Willow Featuring Travis Barker,t r a n s p a r e n t s o u l,transparentsoul,168000,true
2021-07-077,Olivia Rodrigo,SOUR,Enough For You,203000,false
2021-07-078,Ryan Hurd With Maren Morris,Chasing After You,Chasing After You,207000,false
2021-07-079,Morray,Street Sermons,Quicksand,224000,true
2021-07-080,Polo G & Lil Wayne,Hall of Fame,Gang Gang,178000,true
2021-07-081,Imagine Dragons,Follow You / Cutthroat,Follow You,175000,false
2021-07-082,Trippie Redd & Playboi Carti,Miss The Rage,Miss The Rage,236000,true
2021-07-083,Rod Wave,SoulFly,Tombstone,160000,false
2021-07-084,Jazmine Sullivan,Heaux Tales,Pick Up Your Feelings,232000,false
2021-07-085,Justin Moore,Straight Outta The Country,We Didn't Have Much,174000,false
2021-07-086,Migos,Culture III,Avalanche,210000,true
2021-07-087,Dua Lipa,Future Nostalgia (The Moonlight Edition),We're Good,165000,false
2021-07-088,J. Cole & Lil Baby,The Off-Season,my.life,218000,true
2021-07-089,42 Dugg & Roddy Ricch,Free Dem Boyz,4 Da Gang,156000,true
2021-07-090,Luke Bryan,Born Here Live Here Die Here (Deluxe Edition),Waves,227000,false
2021-07-091,Drake,Scary Hours 2,What's Next,178000,true
2021-07-092,Billie Eilish,Happier Than Ever,Lost Cause,212000,true
2021-07-093,"Tyler, The Creator",CALL ME IF YOU GET LOST: The Estate Sale,Lumberjack,138000,true
2021-07-094,Tate McRae X Khalid,working,Working,210000,true
2021-07-095,Cochise & $NOT,Tell Em,Tell Em,180000,true
2021-07-096,City Girls,Twerkulator,Twerkulator,138000,true
2021-07-097,"Lil Baby, Lil Durk & Meek Mill",The Voice of the Heroes,Still Runnin,173000,true
2021-07-098,Lil Baby & Lil Durk,The Voice of the Heroes,How It Feels,167000,true
2021-07-099,Elvie Shane,Backslider,My Boy,203000,false
2021-07-100,MO3 X OG Bobby Billions,Shottaz 4Eva,Outside,215000,true
2021-08-001,BTS,"Butter (Hotter, Sweeter, Cooler)",Butter,164000,false
2021-08-002,Lil Nas X & Jack Harlow,INDUSTRY BABY,Industry Baby,214000,true
2021-08-003,Olivia Rodrigo,SOUR,Good 4 U,178000,true
2021-08-004,The Kid LAROI & Justin Bieber,STAY,Stay,140000,true
2021-08-005,Dua Lipa,Future Nostalgia,Levitating,203000,false
2021-08-006,Doja Cat Featuring SZA,Planet Her,Kiss Me More,208000,true
2021-08-007,Ed Sheeran,Bad Habits,Bad Habits,230000,false
2021-08-008,Lil Nas X,MONTERO (Call Me By Your Name),Montero (Call Me By Your Name),137000,true
2021-08-009,BTS,Permission to Dance,Permission To Dance,187000,false
2021-08-010,Olivia Rodrigo,SOUR,Deja Vu,215000,true
2021-08-011,The Weeknd & Ariana Grande,After Hours,Save Your Tears,215000,false
2021-08-012,Justin Bieber Featuring Daniel Caesar & Giveon,Justice,Peaches,198000,true
2021-08-013,Silk Sonic (Bruno Mars & Anderson .Paak),An Evening With Silk Sonic,Leave The Door Open,242000,false
2021-08-014,Walker Hayes,Fancy Like (feat. Kesha),Fancy Like,161000,false
2021-08-015,Jason Aldean & Carrie Underwood,MACON,If I Didn't Love You,212000,false
2021-08-016,Polo G,Hall of Fame,Rapstar,166000,true
2021-08-017,The Weeknd,After Hours,Blinding Lights,200000,false
2021-08-018,Giveon,TAKE TIME,Heartbreak Anniversary,198000,false
2021-08-019,Doja Cat & The Weeknd,Planet Her,You Right,186000,true
2021-08-020,The Kid LAROI,F*CK LOVE 3+: OVER YOU,Without You,161000,true
2021-08-021,Masked Wolf,Astronaut In The Ocean,Astronaut In The Ocean,132000,true
2021-08-022,Luke Combs,What You See Ain't Always What You Get (Deluxe Edition),Forever After All,232000,false
2021-08-023,DJ Khaled Featuring Lil Baby & Lil Durk,KHALED KHALED,Every Chance I Get,236000,true
2021-08-024,Marshmello X Jonas Brothers,Leave Before You Love Me,Leave Before You Love Me,155000,false
2021-08-025,Nelly & Florida Georgia Line,Lil Bit,Lil Bit,195000,true
2021-08-026,Cole Swindell,Single Saturday Night,Single Saturday Night,187000,false
2021-08-027,Maroon 5 Featuring Megan Thee Stallion,JORDI (Deluxe),Beautiful Mistakes,227000,false
2021-08-028,Megan Thee Stallion,Thot Shit,Thot Shit,184000,true
2021-08-029,Roddy Ricch,late at night,Late At Night,174000,true
2021-08-030,Glass Animals,Dreamland,Heat Waves,239000,false
2021-08-031,Dan + Shay,Glad You Exist,Glad You Exist,144000,false
2021-08-032,Chase Rice Featuring Florida Georgia Line,Drinkin’ Beer. Talkin’ God. Amen.,Drinkin' Beer. Talkin' God. Amen.,161000,false
2021-08-033,Post Malone,Motley Crew,Motley Crew,184000,true
2021-08-034,Doja Cat,Planet Her,Ain't Shit,174000,true
2021-08-035,Kali Uchis,Sin Miedo (del Amor y Otros Demonios) ∞,Telepatia,160000,false
2021-08-036,Chris Young + Kane Brown,Famous Friends,Famous Friends,166000,false
2021-08-037,Doja Cat,Planet Her,Need To Know,210000,true
2021-08-038,Maneskin,Chosen,Beggin',211000,false
2021-08-039,BIA Featuring Nicki Minaj,WHOLE LOTTA MONEY (feat. Nicki Minaj) (Remix),Whole Lotta Money,229000,true
2021-08-040,Saweetie Featuring Doja Cat,Best Friend (feat. Doja Cat),Best Friend,155000,true
2021-08-041,The Kid LAROI Featuring Polo G & Stunna Gambino,F*CK LOVE 3+: OVER YOU,Not Sober,216000,true
2021-08-042,Camila Cabello,Don't Go Yet,Don't Go Yet,164000,false
2021-08-043,24kGoldn Featuring iann dior,El Dorado,Mood,140000,true
2021-08-044,Machine Gun Kelly X blackbear,Tickets To My Downfall,My Ex's Best Friend,138000,true
2021-08-045,Normani Featuring Cardi B,Wild Side (feat. Cardi B),Wild Side,209000,true
2021-08-046,Moneybagg Yo,A Gangsta’s Pain,Wockesha,180000,true
2021-08-047,Olivia Rodrigo,SOUR,Traitor,229000,false
2021-08-048,Ryan Hurd With Maren Morris,Chasing After You,Chasing After You,207000,false
2021-08-049,Drake Featuring Lil Baby,Scary Hours 2,Wants And Needs,192000,true
2021-08-050,Bad Bunny,Yonaguni,Yonaguni,206000,true
2021-08-051,Rauw Alejandro,Todo De Ti,Todo de Ti,203000,true
2021-08-052,Thomas Rhett,Country Again (Side A),Country Again,221000,false
2021-08-053,Luke Bryan,Born Here Live Here Die Here (Deluxe Edition),Waves,227000,false
2021-08-054,Lainey Wilson,Sayin’ What I’m Thinkin’,Things A Man Oughta Know,203000,false
2021-08-055,Duncan Laurence,Arcade,Arcade,187000,false
2021-08-056,Keith Urban Duet With P!nk,THE SPEED OF NOW Part 1,One Too Many,203000,false
2021-08-057,Smiley Featuring Drake,Over The Top (feat. Drake),Over The Top,153000,true
2021-08-058,Regard x Troye Sivan x Tate McRae,,You,353000,true
2021-08-059,Wizkid Featuring Justin Bieber & Tems,Made In Lagos,Essence,249000,false
2021-08-060,DaBaby,Ball If I Want To,Ball If I Want To,112000,true
2021-08-061,Kane Brown X blackbear,Memory,Memory,153000,false
2021-08-062,Justin Moore,Straight Outta The Country,We Didn't Have Much,174000,false
2021-08-063,Sleepy Hallow,Still Sleep?,2055,123000,true
2021-08-064,Elle King & Miranda Lambert,Drunk (And I Don't Wanna Go Home),Drunk (And I Don't Wanna Go Home),246000,false
2021-08-065,Jason Aldean,Blame It On You,Blame It On You,215000,false
2021-08-066,Miranda Lambert,Wildcard,Settling Down,197000,false
2021-08-067,Dierks Bentley,Gone,Gone,205000,false
2021-08-068,AJR,OK ORCHESTRA,Way Less Sad,206000,false
2021-08-069,"J. Cole, 21 Savage & Morray",The Off-Season,my.life,218000,true
2021-08-070,Tai Verdes,AOK,A-O-K,173000,true
2021-08-071,Migos,Straightenin,Straightenin,255000,true
2021-08-072,Rod Wave,SoulFly,Tombstone,160000,false
2021-08-073,Dua Lipa,Future Nostalgia,Love Again,258000,false
2021-08-074,Nio Garcia X J Balvin X Bad Bunny,AM Remix,AM,261000,true
2021-08-075,Olivia Rodrigo,SOUR,Favorite Crime,153000,false
2021-08-076,H.E.R. Featuring Chris Brown,Come Through (feat. Chris Brown),Come Through,214000,true
2021-08-077,Old Dominion,I Was On a Boat That Day,I Was On A Boat That Day,178000,false
2021-08-078,Jameson Rodgers Featuring Luke Combs,Cold Beer Calling My Name,Cold Beer Calling My Name,210000,false
2021-08-079,Chris Stapleton,Starting Over,You Should Probably Leave,213000,false
2021-08-080,Olivia Rodrigo,SOUR,Happier,176000,true
2021-08-081,Farruko,Pepas,Pepas,287000,true
2021-08-082,Elvie Shane,Backslider,My Boy,203000,false
2021-08-083,"Lil Baby, Lil Durk & Travis Scott",The Voice of the Heroes,Hats Off,257000,true
2021-08-084,DaBaby,Red Light Green Light,Red Light Green Light,159000,true
2021-08-085,"Los Legendarios, Wisin & Jhay Cortez",Fiel (Remix),Fiel,349000,true
2021-08-086,Carly Pearce,29,Next Girl,164000,false
2021-08-087,Billie Eilish,Happier Than Ever,NDA,195000,true
2021-08-088,"Belly, The Weeknd & Young Thug",Better Believe,Better Believe,206000,true
2021-08-089,EST Gee,Bigger Than Life Or Death,Lick Back,194000,true
2021-08-090,Lee Brice,Hey World,Memory I Don't Mess With,180000,false
2021-08-091,Young Thug & Gunna,Slime Language 2,Ski,152000,true
2021-08-092,"EST Gee Featuring Lil Baby, 42 Dugg & Rylo Rodriguez",Bigger Than Life Or Death,5500 Degrees,184000,true
2021-08-093,Bella Poarch,Build a Bitch,Build A Bitch,122000,true
2021-08-094,City Girls,Twerkulator,Twerkulator,138000,true
2021-08-095,Olivia Rodrigo,SOUR,Brutal,144000,true
2021-08-096,Blake Shelton,Minimum Wage,Minimum Wage,228000,false
2021-08-097,Tate McRae X Khalid,working,Working,210000,true
2021-08-098,Trippie Redd Featuring Lil Uzi Vert,Holy Smokes (feat. Lil Uzi Vert),Holy Smokes,181000,true
2021-08-099,"Tyler, The Creator Featuring YoungBoy Never Broke Again & Ty Dolla $ign",CALL ME IF YOU GET LOST: The Estate Sale,WUSYANAME,121000,true
2021-08-100,The Kid LAROI Featuring Mustard,F*CK LOVE 3+: OVER YOU,Still Chose You,171000,true
2021-09-001,The Kid LAROI & Justin Bieber,STAY,Stay,140000,true
2021-09-002,Ed Sheeran,Bad Habits,Bad Habits,230000,false
2021-09-003,Olivia Rodrigo,SOUR,Good 4 U,178000,true
2021-09-004,Doja Cat Featuring SZA,Planet Her,Kiss Me More,208000,true
2021-09-005,Lil Nas X & Jack Harlow,INDUSTRY BABY,Industry Baby,214000,true
2021-09-006,Dua Lipa,Future Nostalgia,Levitating,203000,false
2021-09-007,BTS,"Butter (Hotter, Sweeter, Cooler)",Butter,164000,false
2021-09-008,Olivia Rodrigo,SOUR,Deja Vu,215000,true
2021-09-009,Lil Nas X,MONTERO (Call Me By Your Name),Montero (Call Me By Your Name),137000,true
2021-09-010,The Weeknd & Ariana Grande,After Hours,Save Your Tears,215000,false
2021-09-011,Walker Hayes,Fancy Like (feat. Kesha),Fancy Like,161000,false
2021-09-012,Doja Cat & The Weeknd,Planet Her,You Right,186000,true
2021-09-013,Wizkid Featuring Justin Bieber & Tems,Made In Lagos,Essence,249000,false
2021-09-014,Doja Cat,Planet Her,Need To Know,210000,true
2021-09-015,Silk Sonic (Bruno Mars & Anderson .Paak),An Evening With Silk Sonic,Leave The Door Open,242000,false
2021-09-016,The Weeknd,Take My Breath,Take My Breath,220000,false
2021-09-017,Lizzo Featuring Cardi B,Rumors (feat. Cardi B),Rumors,172000,true
2021-09-018,Justin Bieber Featuring Daniel Caesar & Giveon,Justice,Peaches,198000,true
2021-09-019,Giveon,TAKE TIME,Heartbreak Anniversary,198000,false
2021-09-020,The Weeknd,After Hours,Blinding Lights,200000,false
2021-09-021,Marshmello X Jonas Brothers,Leave Before You Love Me,Leave Before You Love Me,155000,false
2021-09-022,Billie Eilish,Happier Than Ever,Happier Than Ever,298000,true
2021-09-023,Luke Combs,What You See Ain't Always What You Get (Deluxe Edition),Forever After All,232000,false
2021-09-024,Luke Bryan,Born Here Live Here Die Here (Deluxe Edition),Waves,227000,false
2021-09-025,DJ Khaled Featuring Lil Baby & Lil Durk,KHALED KHALED,Every Chance I Get,236000,true
2021-09-026,Farruko,Pepas,Pepas,287000,true
2021-09-027,Megan Thee Stallion,Thot Shit,Thot Shit,184000,true
2021-09-028,Olivia Rodrigo,SOUR,Traitor,229000,false
2021-09-029,Maneskin,Chosen,Beggin',211000,false
2021-09-030,Duncan Laurence,Arcade,Arcade,187000,false
2021-09-031,Roddy Ricch,late at night,Late At Night,174000,true
2021-09-032,Lainey Wilson,Sayin’ What I’m Thinkin’,Things A Man Oughta Know,203000,false
2021-09-033,Glass Animals,Dreamland,Heat Waves,239000,false
2021-09-034,Ryan Hurd With Maren Morris,Chasing After You,Chasing After You,207000,false
2021-09-035,Moneybagg Yo,A Gangsta’s Pain,Wockesha,180000,true
2021-09-036,Dan + Shay,Glad You Exist,Glad You Exist,144000,false
2021-09-037,The Kid LAROI,F*CK LOVE 3+: OVER YOU,Without You,161000,true
2021-09-038,Silk Sonic (Bruno Mars & Anderson .Paak),An Evening With Silk Sonic,Skate,203000,false
2021-09-039,Masked Wolf,Astronaut In The Ocean,Astronaut In The Ocean,132000,true
2021-09-040,Polo G,Hall of Fame,Rapstar,166000,true
2021-09-041,Justin Moore,Straight Outta The Country,We Didn't Have Much,174000,false
2021-09-042,Thomas Rhett,Country Again (Side A),Country Again,221000,false
2021-09-043,Chris Young + Kane Brown,Famous Friends,Famous Friends,166000,false
2021-09-044,Jason Aldean & Carrie Underwood,MACON,If I Didn't Love You,212000,false
2021-09-045,Jameson Rodgers Featuring Luke Combs,Cold Beer Calling My Name,Cold Beer Calling My Name,210000,false
2021-09-046,Nelly & Florida Georgia Line,Lil Bit,Lil Bit,195000,true
2021-09-047,Maroon 5 Featuring Megan Thee Stallion,JORDI (Deluxe),Beautiful Mistakes,227000,false
2021-09-048,Shawn Mendes & Tainy,Summer Of Love,Summer Of Love,183000,false
2021-09-049,Trippie Redd Featuring Juice WRLD,Trip At Knight,Matt Hardy 999,188000,true
2021-09-050,BIA Featuring Nicki Minaj,WHOLE LOTTA MONEY (feat. Nicki Minaj) (Remix),Whole Lotta Money,229000,true
2021-09-051,Sleepy Hallow,Still Sleep?,2055,123000,true
2021-09-052,Tai Verdes,AOK,A-O-K,173000,true
2021-09-053,Chase Rice Featuring Florida Georgia Line,Drinkin’ Beer. Talkin’ God. Amen.,Drinkin' Beer. Talkin' God. Amen.,161000,false
2021-09-054,Dua Lipa,Future Nostalgia,Love Again,258000,false
2021-09-055,Aventura x Bad Bunny,X SI VOLVEMOS,Volvi,202000,true
2021-09-056,Trippie Redd Featuring Lil Durk & Polo G,Trip At Knight,Rich MF,247000,true
2021-09-057,Rauw Alejandro,Todo De Ti,Todo de Ti,203000,true
2021-09-058,Bad Bunny,Yonaguni,Yonaguni,206000,true
2021-09-059,Normani Featuring Cardi B,Wild Side (feat. Cardi B),Wild Side,209000,true
2021-09-060,Rod Wave Featuring Lil Durk,SoulFly (Deluxe Version),Already Won,212000,true
2021-09-061,Cole Swindell,Single Saturday Night,Single Saturday Night,187000,false
2021-09-062,Elle King & Miranda Lambert,Drunk (And I Don't Wanna Go Home),Drunk (And I Don't Wanna Go Home),246000,false
2021-09-063,Old Dominion,I Was On a Boat That Day,I Was On A Boat That Day,178000,false
2021-09-064,Post Malone,Motley Crew,Motley Crew,184000,true
2021-09-065,Doja Cat,Planet Her,Ain't Shit,174000,true
2021-09-066,Kane Brown X blackbear,Memory,Memory,153000,false
2021-09-067,Trippie Redd Featuring Drake,Trip At Knight,Betrayal,152000,true
2021-09-068,Doja Cat,Planet Her,Get Into It (Yuh),138000,true
2021-09-069,"Skrillex, Justin Bieber & Don Toliver",Don’t Go,Don't Go,168000,false
2021-09-070,Doja Cat,Planet Her,Woman,172000,true
2021-09-071,Camila Cabello,Don't Go Yet,Don't Go Yet,164000,false
2021-09-072,Rod Wave,SoulFly,Tombstone,160000,false
2021-09-073,Kane Brown,One Mississippi,One Mississippi,213000,false
2021-09-074,Capella Grey,GYALIS,Gyalis,105000,true
2021-09-075,Ed Sheeran,Visiting Hours,Visiting Hours,215000,false
2021-09-076,Chris Stapleton,Starting Over,You Should Probably Leave,213000,false
2021-09-077,Lee Brice,Hey World,Memory I Don't Mess With,180000,false
2021-09-078,Trippie Redd Featuring Lil Uzi Vert,Holy Smokes (feat. Lil Uzi Vert),Holy Smokes,181000,true
2021-09-079,Trippie Redd & Playboi Carti,Miss The Rage,Miss The Rage,236000,true
2021-09-080,Luke Combs,What You See Ain't Always What You Get (Deluxe Edition),Cold As You,186000,false
2021-09-081,Elvie Shane,Backslider,My Boy,203000,false
2021-09-082,Regard x Troye Sivan x Tate McRae,You,353000,true
2021-09-083,H.E.R. Featuring Chris Brown,Come Through (feat. Chris Brown),Come Through,214000,true
2021-09-084,Jordan Davis Featuring Luke Bryan,Buy Dirt,Buy Dirt,167000,false
2021-09-085,Scotty McCreery,You Time,You Time,192000,false
2021-09-086,Trippie Redd Featuring SoFaygo,Trip At Knight,MP5,160000,true
2021-09-087,Sueco,Paralyzed,Paralyzed,163000,false
2021-09-088,"Yung Bleu, Chris Brown & 2 Chainz",Baddest,Baddest,202000,true
2021-09-089,Olivia Rodrigo,SOUR,Brutal,144000,true
2021-09-090,Clinton Kane,I GUESS I'M IN LOVE,I Guess I'm In Love,204000,false
2021-09-091,Rod Wave Featuring Kodak Black,SoulFly (Deluxe Version),Get Ready,232000,true
2021-09-092,Trippie Redd Featuring XXXTENTACION,Trip At Knight,Danny Phantom,136000,true
2021-09-093,Rod Wave,SoulFly (Deluxe Version),What's Wrong,155000,true
2021-09-094,Trippie Redd Featuring Ski Mask The Slump God,Trip At Knight,Demon Time,159000,true
2021-09-095,Kenny Chesney,Here And Now,Knowing You,226000,false
2021-09-096,Young Thug,Tick Tock,Tick Tock,159000,true
2021-09-097,BTS,Permission to Dance,Permission To Dance,187000,false
2021-09-098,Nio Garcia X J Balvin X Bad Bunny,AM Remix,AM,261000,true
2021-09-099,Rod Wave,Time Heals,Time Heals,193000,true
2021-09-100,Dustin Lynch Featuring Lauren Alaina Or MacKenzie Porter,Blue In The Sky,Thinking 'Bout You,170000,false
2021-10-001,The Kid LAROI & Justin Bieber,STAY,Stay,140000,true
2021-10-002,Lil Nas X & Jack Harlow,INDUSTRY BABY,Industry Baby,214000,true
2021-10-003,Drake Featuring Future & Young Thug,Certified Lover Boy,Way 2 Sexy,257000,true
2021-10-004,Ed Sheeran,Bad Habits,Bad Habits,230000,false
2021-10-005,Walker Hayes,Fancy Like (feat. Kesha),Fancy Like,161000,false
2021-10-006,Olivia Rodrigo,SOUR,Good 4 U,178000,true
2021-10-007,Doja Cat Featuring SZA,Planet Her,Kiss Me More,208000,true
2021-10-008,Drake Featuring 21 Savage & Project Pat,Certified Lover Boy,Knife Talk,243000,true
2021-10-009,Lil Nas X,MONTERO (Call Me By Your Name),Montero (Call Me By Your Name),137000,true
2021-10-010,Lil Nas X,MONTERO,Thats What I Want,143000,true
2021-10-011,Dua Lipa,Future Nostalgia,Levitating,203000,false
2021-10-012,The Weeknd & Ariana Grande,After Hours,Save Your Tears,215000,false
2021-10-013,Drake Featuring Lil Baby,Certified Lover Boy,Girls Want Girls,221000,true
2021-10-014,Wizkid Featuring Justin Bieber & Tems,Made In Lagos,Essence,249000,false
2021-10-015,Drake Featuring Travis Scott,Certified Lover Boy,Fair Trade,291000,true
2021-10-016,Glass Animals,Dreamland,Heat Waves,239000,false
2021-10-017,Ed Sheeran,=,Shivers,207000,false
2021-10-018,Doja Cat,Planet Her,Need To Know,210000,true
2021-10-019,Doja Cat & The Weeknd,Planet Her,You Right,186000,true
2021-10-020,Maneskin,Chosen,Beggin',211000,false
2021-10-021,The Weeknd,Take My Breath,Take My Breath,220000,false
2021-10-022,Jason Aldean & Carrie Underwood,MACON,If I Didn't Love You,212000,false
2021-10-023,Olivia Rodrigo,SOUR,Deja Vu,215000,true
2021-10-024,BTS,"Butter (Hotter, Sweeter, Cooler)",Butter,164000,false
2021-10-025,Olivia Rodrigo,SOUR,Traitor,229000,false
2021-10-026,Marshmello X Jonas Brothers,Leave Before You Love Me,Leave Before You Love Me,155000,false
2021-10-027,Farruko,Pepas,Pepas,287000,true
2021-10-028,Billie Eilish,Happier Than Ever,Happier Than Ever,298000,true
2021-10-029,Jameson Rodgers Featuring Luke Combs,Cold Beer Calling My Name,Cold Beer Calling My Name,210000,false
2021-10-030,Drake,Certified Lover Boy,Champagne Poetry,336000,true
2021-10-031,Kanye West,Hurricane,Hurricane,238000,false
2021-10-032,Ryan Hurd With Maren Morris,Chasing After You,Chasing After You,207000,false
2021-10-033,Silk Sonic (Bruno Mars & Anderson .Paak),An Evening With Silk Sonic,Leave The Door Open,242000,false
2021-10-034,Lainey Wilson,Sayin’ What I’m Thinkin’,Things A Man Oughta Know,203000,false
2021-10-035,Moneybagg Yo,A Gangsta’s Pain,Wockesha,180000,true
2021-10-036,Justin Bieber Featuring Daniel Caesar & Giveon,Justice,Peaches,198000,true
2021-10-037,Taylor Swift,1989 (Taylor's Version),Wildest Dreams (Taylor's Version),220000,false
2021-10-038,Baby Keem & Kendrick Lamar,family ties,Family Ties,252000,true
2021-10-039,Tai Verdes,AOK,A-O-K,173000,true
2021-10-040,Drake,Certified Lover Boy,No Friends In The Industry,204000,true
2021-10-041,Duncan Laurence,Arcade,Arcade,187000,false
2021-10-042,Lil Nas X Featuring Doja Cat,MONTERO,Scoop,174000,true
2021-10-043,Drake Featuring Lil Durk & Giveon,Certified Lover Boy,In The Bible,296000,true
2021-10-044,THE ANXIETY: WILLOW & Tyler Cole,THE ANXIETY,Meet Me At Our Spot,162000,true
2021-10-045,Roddy Ricch,late at night,Late At Night,174000,true
2021-10-046,Lizzo Featuring Cardi B,Rumors (feat. Cardi B),Rumors,172000,true
2021-10-047,Lil Nas X Featuring Megan Thee Stallion,MONTERO,Dolla Sign Slime,145000,true
2021-10-048,Drake,Certified Lover Boy,TSU,308000,true
2021-10-049,Megan Thee Stallion,Thot Shit,Thot Shit,184000,true
2021-10-050,Scotty McCreery,You Time,You Time,192000,false
2021-10-051,Dua Lipa,Future Nostalgia,Love Again,258000,false
2021-10-052,Normani Featuring Cardi B,Wild Side (feat. Cardi B),Wild Side,209000,true
2021-10-053,Old Dominion,I Was On a Boat That Day,I Was On A Boat That Day,178000,false
2021-10-054,Lee Brice,Hey World,Memory I Don't Mess With,180000,false
2021-10-055,Jordan Davis Featuring Luke Bryan,Buy Dirt,Buy Dirt,167000,false
2021-10-056,Chloe,Have Mercy,Have Mercy,148000,true
2021-10-057,Drake Featuring JAY-Z,Certified Lover Boy,Love All,228000,true
2021-10-058,BIA Featuring Nicki Minaj,WHOLE LOTTA MONEY (feat. Nicki Minaj) (Remix),Whole Lotta Money,229000,true
2021-10-059,Drake Featuring Future,Certified Lover Boy,N 2 Deep,273000,true
2021-10-060,Luke Bryan,Born Here Live Here Die Here (Deluxe Edition),Waves,227000,false
2021-10-061,Meek Mill Featuring Lil Baby & Lil Durk,Sharing Locations (feat. Lil Baby & Lil Durk),Sharing Locations,161000,true
2021-10-062,Doja Cat,Planet Her,Woman,172000,true
2021-10-063,DaBaby X Lil Wayne,Lonely,Lonely,154000,true
2021-10-064,Capella Grey,GYALIS,Gyalis,105000,true
2021-10-065,Sleepy Hallow,Still Sleep?,2055,123000,true
2021-10-066,Drake,Certified Lover Boy,Papi's Home,178000,true
2021-10-067,Elvie Shane,Backslider,My Boy,203000,false
2021-10-068,Drake,Certified Lover Boy,Pipe Down,205000,true
2021-10-069,Luke Combs,What You See Ain't Always What You Get (Deluxe Edition),Cold As You,186000,false
2021-10-070,Elle King & Miranda Lambert,Drunk (And I Don't Wanna Go Home),Drunk (And I Don't Wanna Go Home),246000,false
2021-10-071,YoungBoy Never Broke Again,"Sincerely, Kentrell >",On My Side,148000,true
2021-10-072,Lil Nas X,MONTERO,Dead Right Now,221000,true
2021-10-073,Kane Brown X blackbear,Memory,Memory,153000,false
2021-10-074,Elton John & Dua Lipa,Cold Heart (PNAU Remix),Cold Heart (PNAU Remix),203000,false
2021-10-075,Aventura x Bad Bunny,X SI VOLVEMOS,Volvi,202000,true
2021-10-076,Kanye West,Donda,Moon,156000,false
2021-10-077,Chase Rice Featuring Florida Georgia Line,Drinkin’ Beer. Talkin’ God. Amen.,Drinkin' Beer. Talkin' God. Amen.,161000,false
2021-10-078,"Yung Bleu, Chris Brown & 2 Chainz",Baddest,Baddest,202000,true
2021-10-079,YoungBoy Never Broke Again,Life Support,Life Support,233000,true
2021-10-080,CKay,CKay The First,Love Nwantiti (Ah Ah Ah),145000,true
2021-10-081,Dustin Lynch Featuring Lauren Alaina Or MacKenzie Porter,Blue In The Sky,Thinking 'Bout You,170000,false
2021-10-082,Rauw Alejandro,Todo De Ti,Todo de Ti,203000,true
2021-10-083,Chris Stapleton,Starting Over,You Should Probably Leave,213000,false
2021-10-084,Doja Cat,Planet Her,Get Into It (Yuh),138000,true
2021-10-085,Bad Bunny,Yonaguni,Yonaguni,206000,true
2021-10-086,Lil Nas X,MONTERO,Tales Of Dominica,146000,false
2021-10-087,Shawn Mendes & Tainy,Summer Of Love,Summer Of Love,183000,false
2021-10-088,Lil Nas X Featuring Elton John,MONTERO,One Of Me,161000,true
2021-10-089,Drake,Certified Lover Boy,Race My Mind,269000,true
2021-10-090,Lil Nas X,MONTERO,Lost In The Citadel,170000,false
2021-10-091,Lil Nas X,MONTERO,Sun Goes Down,168000,false
2021-10-092,Drake,Certified Lover Boy,7am On Bridle Path,239000,true
2021-10-093,Kanye West,Donda,Off The Grid,339000,false
2021-10-094,J Balvin & Skrillex,In Da Getto,In Da Getto,130000,false
2021-10-095,Silk Sonic (Bruno Mars & Anderson .Paak),An Evening With Silk Sonic,Skate,203000,false
2021-10-096,Kenny Chesney,Here And Now,Knowing You,226000,false
2021-10-097,Lil Nas X Featuring Miley Cyrus,MONTERO,Am I Dreaming,183000,false
2021-10-098,Zac Brown Band,Same Boat,Same Boat,190000,false
2021-10-099,H.E.R. Featuring Chris Brown,Come Through (feat. Chris Brown),Come Through,214000,true
2021-10-100,Camila Cabello,Don't Go Yet,Don't Go Yet,164000,false
2021-11-001,Adele,Easy On Me,Easy On Me,224000,false
2021-11-002,The Kid LAROI & Justin Bieber,STAY,Stay,140000,true
2021-11-003,Lil Nas X & Jack Harlow,INDUSTRY BABY,Industry Baby,214000,true
2021-11-004,Walker Hayes,Fancy Like (feat. Kesha),Fancy Like,161000,false
2021-11-005,Ed Sheeran,Bad Habits,Bad Habits,230000,false
2021-11-006,Drake Featuring Future & Young Thug,Certified Lover Boy,Way 2 Sexy,257000,true
2021-11-007,Ed Sheeran,=,Shivers,207000,false
2021-11-008,Olivia Rodrigo,SOUR,Good 4 U,178000,true
2021-11-009,Doja Cat,Planet Her,Need To Know,210000,true
2021-11-010,Dua Lipa,Future Nostalgia,Levitating,203000,false
2021-11-011,Wizkid Featuring Justin Bieber & Tems,Made In Lagos,Essence,249000,false
2021-11-012,Doja Cat Featuring SZA,Planet Her,Kiss Me More,208000,true
2021-11-013,Glass Animals,Dreamland,Heat Waves,239000,false
2021-11-014,Maneskin,Chosen,Beggin',211000,false
2021-11-015,Elton John & Dua Lipa,Cold Heart (PNAU Remix),Cold Heart (PNAU Remix),203000,false
2021-11-016,Doja Cat & The Weeknd,Planet Her,You Right,186000,true
2021-11-017,The Weeknd & Ariana Grande,After Hours,Save Your Tears,215000,false
2021-11-018,Jason Aldean & Carrie Underwood,MACON,If I Didn't Love You,212000,false
2021-11-019,Olivia Rodrigo,SOUR,Traitor,229000,false
2021-11-020,Coldplay x BTS,Swiss Lake Trackz Vol 11,My Universe,228000,false
2021-11-021,"Nardo Wick Featuring G Herbo, Lil Durk & 21 Savage","Who Want Smoke?? (feat. G Herbo, Lil Durk & 21 Savage)",Who Want Smoke??,279000,true
2021-11-022,Drake Featuring 21 Savage & Project Pat,Certified Lover Boy,Knife Talk,243000,true
2021-11-023,THE ANXIETY: WILLOW & Tyler Cole,THE ANXIETY,Meet Me At Our Spot,162000,true
2021-11-024,Lil Nas X,MONTERO (Call Me By Your Name),Montero (Call Me By Your Name),137000,true
2021-11-025,Ryan Hurd With Maren Morris,Chasing After You,Chasing After You,207000,false
2021-11-026,Drake Featuring Lil Baby,Certified Lover Boy,Girls Want Girls,221000,true
2021-11-027,Swedish House Mafia & The Weeknd,Paradise Again,Moth To A Flame,234000,false
2021-11-028,Bryson Gray Featuring Tyson James & Chandler Crump,Let's Go Brandon,Let's Go Brandon,224000,false
2021-11-029,Lil Nas X,MONTERO,Thats What I Want,143000,true
2021-11-030,Farruko,Pepas,Pepas,287000,true
2021-11-031,CKay,CKay The First,Love Nwantiti (Ah Ah Ah),145000,true
2021-11-032,The Weeknd,Take My Breath,Take My Breath,220000,false
2021-11-033,Billie Eilish,Happier Than Ever,Happier Than Ever,298000,true
2021-11-034,Moneybagg Yo,A Gangsta’s Pain,Wockesha,180000,true
2021-11-035,NEIKED X Mae Muller X Polo G,Better Days,Better Days,160000,false
2021-11-036,Jordan Davis Featuring Luke Bryan,Buy Dirt,Buy Dirt,167000,false
2021-11-037,Justin Bieber,Justice,Ghost,153000,false
2021-11-038,Loza Alexander,Let's Go Brandon (Extended Version),Lets Go Brandon,233000,true
2021-11-039,Luke Combs,What You See Ain't Always What You Get (Deluxe Edition),Cold As You,186000,false
2021-11-040,Tai Verdes,AOK,A-O-K,173000,true
2021-11-041,Chris Stapleton,Starting Over,You Should Probably Leave,213000,false
2021-11-042,Silk Sonic (Bruno Mars & Anderson .Paak),An Evening With Silk Sonic,Leave The Door Open,242000,false
2021-11-043,Dustin Lynch Featuring Lauren Alaina Or MacKenzie Porter,Blue In The Sky,Thinking 'Bout You,170000,false
2021-11-044,Lee Brice,Hey World,Memory I Don't Mess With,180000,false
2021-11-045,Young Thug With Drake & Travis Scott,Punk,Bubbly,165000,true
2021-11-046,Normani Featuring Cardi B,Wild Side (feat. Cardi B),Wild Side,209000,true
2021-11-047,Meek Mill Featuring Lil Baby & Lil Durk,Sharing Locations (feat. Lil Baby & Lil Durk),Sharing Locations,161000,true
2021-11-048,Capella Grey,GYALIS,Gyalis,105000,true
2021-11-049,Old Dominion,I Was On a Boat That Day,I Was On A Boat That Day,178000,false
2021-11-050,Baby Keem & Kendrick Lamar,family ties,Family Ties,252000,true
2021-11-051,Chloe,Have Mercy,Have Mercy,148000,true
2021-11-052,Drake Featuring Travis Scott,Certified Lover Boy,Fair Trade,291000,true
2021-11-053,Zac Brown Band,Same Boat,Same Boat,190000,false
2021-11-054,Elvie Shane,Backslider,My Boy,203000,false
2021-11-055,Kanye West,Hurricane,Hurricane,238000,false
2021-11-056,Blxst & Tyga Featuring Ty Dolla $ign,No Love Lost (Deluxe),Chosen,161000,true
2021-11-057,"Yung Bleu, Chris Brown & 2 Chainz",Baddest,Baddest,202000,true
2021-11-058,Kenny Chesney,Here And Now,Knowing You,226000,false
2021-11-059,Kane Brown X blackbear,Memory,Memory,153000,false
2021-11-060,Jameson Rodgers Featuring Luke Combs,Cold Beer Calling My Name,Cold Beer Calling My Name,210000,false
2021-11-061,"Lil Tjay, Fivio Foreign & Kay Flock",Not In The Mood,Not In The Mood,150000,true
2021-11-062,Lil Durk,Pissed Me Off,Pissed Me Off,123000,true
2021-11-063,Doja Cat,Planet Her,Woman,172000,true
2021-11-064,Morgan Wallen,Dangerous: The Double Album,Sand In My Boots,202000,false
2021-11-065,Cody Johnson,Human The Double Album,'Til You Can't,224000,false
2021-11-066,Dua Lipa,Future Nostalgia,Love Again,258000,false
2021-11-067,Michael Ray,Whiskey And Rain,Whiskey And Rain,206000,false
2021-11-068,Kane Brown,One Mississippi,One Mississippi,213000,false
2021-11-069,Moneybagg Yo Featuring Lil Durk & EST Gee,Shiesty Season: Certified,Switches & Dracs,168000,true
2021-11-070,Eslabon Armado Featuring DannyLux,Corta Venas,Jugaste y Sufri,275000,false
2021-11-071,Gunna & Future,too easy,Too Easy,138000,true
2021-11-072,Ivan Cornejo,Alma Vacía,Esta Danada,214000,false
2021-11-073,Aventura x Bad Bunny,X SI VOLVEMOS,Volvi,202000,true
2021-11-074,Jon Pardi,Tequila Little Time,Tequila Little Time,207000,false
2021-11-075,BIA Featuring Nicki Minaj,WHOLE LOTTA MONEY (feat. Nicki Minaj) (Remix),Whole Lotta Money,229000,true
2021-11-076,Sleepy Hallow,Still Sleep?,2055,123000,true
2021-11-077,42 Dugg Featuring Future,Free Dem Boyz,Maybach,199000,true
2021-11-078,RealestK,WFM,WFM,136000,false
2021-11-079,Wale Featuring J. Cole,Poke It Out (feat. J. Cole),Poke It Out,183000,true
2021-11-080,Kanye West,Donda,Praise God,226000,false
2021-11-081,"Tainy, Bad Bunny & Julieta Venegas",Lo Siento BB:/,Lo Siento BB:/,207000,false
2021-11-082,Jimmie Allen & Brad Paisley,Freedom Was A Highway,Freedom Was A Highway,201000,false
2021-11-083,Giveon,For Tonight,For Tonight,194000,false
2021-11-084,Megan Thee Stallion,Thot Shit,Thot Shit,184000,true
2021-11-085,Lady A,What A Song Can Do,Like A Lady,181000,false
2021-11-086,Doja Cat,Planet Her,Get Into It (Yuh),138000,true
2021-11-087,Moneybagg Yo,A Gangsta’s Pain: Reloaded,Scorpio,166000,true
2021-11-088,Latto,Big Energy (feat. DJ Khaled) (Remix),Big Energy,181000,false
2021-11-089,Kelsea Ballerini Featuring Kenny Chesney,kelsea,Half Of My Hometown,231000,false
2021-11-090,Lisa,LALISA,Money,168000,true
2021-11-091,Drake,Certified Lover Boy,No Friends In The Industry,204000,true
2021-11-092,Grupo Firme,En Vivo Desde Tijuana los Buitrones y los Firmes,"Ya Superame (En Vivo Desde Culiacan, Sinaloa)",153000,false
2021-11-093,Jonas Brothers,Who's In Your Head,Who's In Your Head,183000,false
2021-11-094,Drake Featuring Lil Durk & Giveon,Certified Lover Boy,In The Bible,296000,true
2021-11-095,Priscilla Block,Just About Over You (Acoustic Version),Just About Over You,188000,false
2021-11-096,Parker McCollum,To Be Loved By You,To Be Loved By You,198000,false
2021-11-097,Doja Cat,Planet Her,Ain't Shit,174000,true
2021-11-098,Oliver Tree,"Ugly is Beautiful: Shorter, Thicker & Uglier (Deluxe)",Life Goes On,161000,false
2021-11-099,H.E.R. Featuring Chris Brown,Come Through (feat. Chris Brown),Come Through,214000,true
2021-11-100,YoungBoy Never Broke Again,Nevada,Nevada,155000,true
2021-12-001,Adele,Easy On Me,Easy On Me,224000,false
2021-12-002,The Kid LAROI & Justin Bieber,STAY,Stay,140000,true
2021-12-003,Lil Nas X & Jack Harlow,INDUSTRY BABY,Industry Baby,214000,true
2021-12-004,Taylor Swift,Red (Taylor's Version),All Too Well (Taylor's Version),329000,false
2021-12-005,Adele,30,Oh My God,225000,false
2021-12-006,Ed Sheeran,=,Shivers,207000,false
2021-12-007,Glass Animals,Dreamland,Heat Waves,239000,false
2021-12-008,Ed Sheeran,Bad Habits,Bad Habits,230000,false
2021-12-009,Doja Cat,Planet Her,Need To Know,210000,true
2021-12-010,Silk Sonic (Bruno Mars & Anderson .Paak),An Evening With Silk Sonic,Smokin Out The Window,197000,false
2021-12-011,Elton John & Dua Lipa,Cold Heart (PNAU Remix),Cold Heart (PNAU Remix),203000,false
2021-12-012,Mariah Carey,Merry Christmas,All I Want For Christmas Is You,239000,false
2021-12-013,Walker Hayes,Fancy Like (feat. Kesha),Fancy Like,161000,false
2021-12-014,Brenda Lee,Christmas Cookies,Rockin' Around The Christmas Tree,126000,false
2021-12-015,Olivia Rodrigo,SOUR,Good 4 U,178000,true
2021-12-016,Wizkid Featuring Justin Bieber & Tems,Made In Lagos,Essence,249000,false
2021-12-017,Drake Featuring Future & Young Thug,Certified Lover Boy,Way 2 Sexy,257000,true
2021-12-018,Adele,30,I Drink Wine,376000,false
2021-12-019,Doja Cat & The Weeknd,Planet Her,You Right,186000,true
2021-12-020,Bobby Helms,Jingle Bells,Jingle Bell Rock,130000,false
2021-12-021,Post Malone & The Weeknd,One Right Now,One Right Now,192000,true
2021-12-022,Maneskin,Chosen,Beggin',211000,false
2021-12-023,Adele,30,My Little Love,389000,false
2021-12-024,Dua Lipa,Future Nostalgia,Levitating,203000,false
2021-12-025,Doja Cat Featuring SZA,Planet Her,Kiss Me More,208000,true
2021-12-026,Adele,30,Can I Get It,210000,false
2021-12-027,Burl Ives,Have A Holly Jolly Christmas,A Holly Jolly Christmas,128000,false
2021-12-028,Jason Aldean & Carrie Underwood,MACON,If I Didn't Love You,212000,false
2021-12-029,Coldplay x BTS,Swiss Lake Trackz Vol 11,My Universe,228000,false
2021-12-030,Andy Williams,The Andy Williams Christmas Album,It's The Most Wonderful Time Of The Year,151000,false
2021-12-031,The Weeknd & Ariana Grande,After Hours,Save Your Tears,215000,false
2021-12-032,Adele,30,To Be Loved,403000,false
2021-12-033,Drake Featuring 21 Savage & Project Pat,Certified Lover Boy,Knife Talk,243000,true
2021-12-034,NEIKED X Mae Muller X Polo G,Better Days,Better Days,160000,false
2021-12-035,Jordan Davis Featuring Luke Bryan,Buy Dirt,Buy Dirt,167000,false
2021-12-036,Dustin Lynch Featuring Lauren Alaina Or MacKenzie Porter,Blue In The Sky,Thinking 'Bout You,170000,false
2021-12-037,CKay,CKay The First,Love Nwantiti (Ah Ah Ah),145000,true
2021-12-038,Justin Bieber,Justice,Ghost,153000,false
2021-12-039,THE ANXIETY: WILLOW & Tyler Cole,THE ANXIETY,Meet Me At Our Spot,162000,true
2021-12-040,Wham!,LAST CHRISTMAS,Last Christmas,264000,false
2021-12-041,Adele,30,Strangers By Nature,182000,false
2021-12-042,Lil Nas X,MONTERO,Thats What I Want,143000,true
2021-12-043,Drake Featuring Lil Baby,Certified Lover Boy,Girls Want Girls,221000,true
2021-12-044,Adele,30,Cry Your Heart Out,255000,false
2021-12-045,Billie Eilish,Happier Than Ever,Happier Than Ever,298000,true
2021-12-046,Luke Combs,What You See Ain't Always What You Get (Deluxe Edition),Cold As You,186000,false
2021-12-047,Farruko,Pepas,Pepas,287000,true
2021-12-048,"Nardo Wick Featuring G Herbo, Lil Durk & 21 Savage","Who Want Smoke?? (feat. G Herbo, Lil Durk & 21 Savage)",Who Want Smoke??,279000,true
2021-12-049,Adele,30,Hold On,366000,false
2021-12-050,Silk Sonic (Bruno Mars & Anderson .Paak),An Evening With Silk Sonic,Leave The Door Open,242000,false
2021-12-051,GAYLE,abcdefu (demo),abcdefu,155000,true
2021-12-052,Chris Stapleton,Starting Over,You Should Probably Leave,213000,false
2021-12-053,Adele With Erroll Garner,30,All Night Parking (Interlude),161000,false
2021-12-054,Zac Brown Band,Same Boat,Same Boat,190000,false
2021-12-055,Adele,30,Woman Like Me,300000,false
2021-12-056,Adele,30,Love Is A Game,403000,false
2021-12-057,Chloe,Have Mercy,Have Mercy,148000,true
2021-12-058,Normani Featuring Cardi B,Wild Side (feat. Cardi B),Wild Side,209000,true
2021-12-059,Kane Brown,One Mississippi,One Mississippi,213000,false
2021-12-060,Blxst & Tyga Featuring Ty Dolla $ign,No Love Lost (Deluxe),Chosen,161000,true
2021-12-061,Juice WRLD,Fighting Demons (Digital Deluxe),Already Dead,231000,true
2021-12-062,Morgan Wallen,Dangerous: The Double Album,Sand In My Boots,202000,false
2021-12-063,Kodak Black,Sniper Gang Presents Syko Bob & Snapkatt: Nightmare Babies,Super Gremlin,200000,true
2021-12-064,Baby Keem & Kendrick Lamar,family ties,Family Ties,252000,true
2021-12-065,Capella Grey,GYALIS,Gyalis,105000,true
2021-12-066,Summer Walker & SZA,Still Over It,No Love,231000,true
2021-12-067,Michael Ray,Whiskey And Rain,Whiskey And Rain,206000,false
2021-12-068,Polo G,Hall of Fame 2.0,Bad Man (Smooth Criminal),106000,true
2021-12-069,Kenny Chesney,Here And Now,Knowing You,226000,false
2021-12-070,Taylor Swift Featuring Chris Stapleton,Red (Taylor's Version),I Bet You Think About Me (Taylor's Version) (From The Vault),285000,true
2021-12-071,Meek Mill Featuring Lil Baby & Lil Durk,Sharing Locations (feat. Lil Baby & Lil Durk),Sharing Locations,161000,true
2021-12-072,Latto,Big Energy (feat. DJ Khaled) (Remix),Big Energy,181000,false
2021-12-073,State Of Mine & Drew Jacobs,God's Country,God's Country,210000,false
2021-12-074,Taylor Swift,Red (Taylor's Version),Message In A Bottle (Taylor's Version) (From The Vault),225000,false
2021-12-075,Jon Pardi,Tequila Little Time,Tequila Little Time,207000,false
2021-12-076,Jimmie Allen & Brad Paisley,Freedom Was A Highway,Freedom Was A Highway,201000,false
2021-12-077,Cody Johnson,Human The Double Album,'Til You Can't,224000,false
2021-12-078,Drake Featuring Travis Scott,Certified Lover Boy,Fair Trade,291000,true
2021-12-079,Young Thug With Drake & Travis Scott,Punk,Bubbly,165000,true
2021-12-080,Doja Cat,Planet Her,Woman,172000,true
2021-12-081,Amaarae & Moliy Featuring Kali Uchis,SAD GIRLZ LUV MONEY (Remix),Sad Girlz Luv Money,204000,true
2021-12-082,Luke Combs,Doin' This,Doin' This,254000,false
2021-12-083,Giveon,For Tonight,For Tonight,194000,false
2021-12-084,Swedish House Mafia & The Weeknd,Paradise Again,Moth To A Flame,234000,false
2021-12-085,Imagine Dragons X JID,Enemy (from the series Arcane League of Legends),Enemy,173000,false
2021-12-086,Taylor Swift,Red (Taylor's Version),Red (Taylor's Version),223000,false
2021-12-087,Lee Brice,Hey World,Memory I Don't Mess With,180000,false
2021-12-088,Taylor Swift,Red (Taylor's Version),State Of Grace (Taylor's Version),295000,false
2021-12-089,Eric Church,Heart,Heart On Fire,258000,false
2021-12-090,Summer Walker & JT,Still Over It,Ex For A Reason,226000,true
2021-12-091,Wale Featuring J. Cole,Poke It Out (feat. J. Cole),Poke It Out,183000,true
2021-12-092,Kelsea Ballerini Featuring Kenny Chesney,kelsea,Half Of My Hometown,231000,false
2021-12-093,Aventura x Bad Bunny,X SI VOLVEMOS,Volvi,202000,true
2021-12-094,42 Dugg Featuring Future,Free Dem Boyz,Maybach,199000,true
2021-12-095,"Yung Bleu, Chris Brown & 2 Chainz",Baddest,Baddest,202000,true
2021-12-096,Gunna & Future,too easy,Too Easy,138000,true
2021-12-097,Travis Scott,ESCAPE PLAN / MAFIA,Escape Plan,149000,true
2021-12-098,Jonas Brothers,Who's In Your Head,Who's In Your Head,183000,false
2021-12-099,Eslabon Armado Featuring DannyLux,Corta Venas,Jugaste y Sufri,275000,false
2021-12-100,The Weeknd,Take My Breath,Take My Breath,220000,false
